class_year,position,rows,file
all,ATH,25,data/flip_boards/weakest_ath_commits.csv
all,CB,25,data/flip_boards/weakest_cb_commits.csv
all,DL,25,data/flip_boards/weakest_dl_commits.csv
all,Edge,25,data/flip_boards/weakest_edge_commits.csv
all,IOL,25,data/flip_boards/weakest_iol_commits.csv
all,K,25,data/flip_boards/weakest_k_commits.csv
all,LB,25,data/flip_boards/weakest_lb_commits.csv
all,LS,25,data/flip_boards/weakest_ls_commits.csv
all,OT,25,data/flip_boards/weakest_ot_commits.csv
all,P,25,data/flip_boards/weakest_p_commits.csv
all,QB,25,data/flip_boards/weakest_qb_commits.csv
all,RB,25,data/flip_boards/weakest_rb_commits.csv
all,S,25,data/flip_boards/weakest_s_commits.csv
all,TE,25,data/flip_boards/weakest_te_commits.csv
all,WR,25,data/flip_boards/weakest_wr_commits.csv
2027,ATH,25,data/flip_boards/weakest_2027_ath_commits.csv
2027,CB,25,data/flip_boards/weakest_2027_cb_commits.csv
2027,DL,25,data/flip_boards/weakest_2027_dl_commits.csv
2027,Edge,25,data/flip_boards/weakest_2027_edge_commits.csv
2027,IOL,25,data/flip_boards/weakest_2027_iol_commits.csv
2027,K,1,data/flip_boards/weakest_2027_k_commits.csv
2027,LB,25,data/flip_boards/weakest_2027_lb_commits.csv
2027,LS,1,data/flip_boards/weakest_2027_ls_commits.csv
2027,OT,25,data/flip_boards/weakest_2027_ot_commits.csv
2027,P,1,data/flip_boards/weakest_2027_p_commits.csv
2027,QB,25,data/flip_boards/weakest_2027_qb_commits.csv
2027,RB,25,data/flip_boards/weakest_2027_rb_commits.csv
2027,S,25,data/flip_boards/weakest_2027_s_commits.csv
2027,TE,25,data/flip_boards/weakest_2027_te_commits.csv
2027,WR,25,data/flip_boards/weakest_2027_wr_commits.csv
