board_rank,class_year,player_id,name,position,committed_team,commitment_type,is_signed_or_enrolled,is_power_team_guess,commitment_strength_score,strength_tier,live_commitment_strength_score,live_strength_tier,model_decommit_flip_probability,model_stick_probability,historical_bucket_decommit_flip_rate,estimated_decommit_flip_probability,estimated_stick_probability,rating,star_bucket,national_rank,committed_date,high_school,home_state,home_city,home_lat,home_lon,college_state,college_lat,college_lon,home_to_school_miles,distance_bucket,geography_precision,is_in_state_commit,days_to_early_signing_day,prior_commitments,prior_decommits,same_position_commits_at_school,higher_rated_same_position_commits,offers_before_commit,official_visits_before_commit,unofficial_visits_before_commit,post_commit_committed_school_visits,post_commit_other_school_offers,post_commit_other_school_visits,post_commit_other_school_official_visits,post_commit_other_team_events,why_flagged,profile_url
1,2025,46148402,Will Walker,P,BYU,Signed,yes,yes,33,Weak / Attack,33,Weak / Attack,69.2%,30.8%,55.0%,55.0%,45.0%,0.8222,3-star,NA,7/8/2022,"Riverton (Riverton, UT)",UT,Riverton,40.517634,-111.963515,UT,40.245312,-111.645057,25,nearby,city,yes,894,0,0,0,0,0,0,0,0,0,0,0,0,very early commit; first commitment; only commit at position,https://247sports.com/player/will-walker-46148402/high-school-311876/
2,2024,46142354,Kamdyn Koch,P,Nebraska,Enrolled,yes,yes,48,Weak / Attack,48,Weak / Attack,23.0%,77.0%,55.0%,55.0%,45.0%,0.8186,3-star,NA,6/11/2023,"Winters Mill (Westminster, MD)",MD,Westminster,39.579154,-77.006691,NE,40.810284,-96.674856,1039,far,city,no,192,0,0,0,0,0,0,0,0,0,0,0,0,early commit; first commitment; only commit at position; far,https://247sports.com/player/kamdyn-koch-46142354/high-school-298072/
3,2022,46113387,Tom Ellard,P,Western Kentucky,Enrolled,yes,no,53,Vulnerable,53,Vulnerable,22.8%,77.2%,33.4%,33.4%,66.6%,0.8126,3-star,NA,1/30/2021,"ProKick Australia (Australia, AUST)",,,,,KY,37.8,-85.8,,,,,319,0,0,0,0,0,0,0,0,0,0,0,0,early commit; first commitment; only commit at position,https://247sports.com/player/tom-ellard-46113387/high-school-261573/
4,2026,46161268,Hunter Probst,P,Toledo,Enrolled,yes,no,52,Vulnerable,52,Vulnerable,21.4%,78.6%,33.4%,33.4%,66.6%,0.8189,3-star,NA,6/30/2025,"Rancho Cotate (Rohnert Park, CA)",CA,Rohnert Park,38.347617,-122.700896,OH,40.4,-82.8,2118,cross_country,city_to_state,no,170,0,0,0,0,1,0,0,0,0,0,0,0,first commitment; only commit at position; cross country,https://247sports.com/player/hunter-probst-46161268/high-school-344449/
5,2025,46143530,Alex Asparuhov,P,Alabama,Enrolled,yes,yes,49,Weak / Attack,49,Weak / Attack,21.1%,78.9%,55.0%,55.0%,45.0%,0.8133,3-star,NA,6/15/2024,"San Joaquin Memorial (Fresno, CA)",CA,Fresno,36.782684,-119.793359,AL,33.234404,-87.5283,1834,cross_country,city,no,186,0,0,0,0,0,2,0,0,0,0,0,0,early commit; first commitment; only commit at position; cross country,https://247sports.com/player/alex-asparuhov-46143530/high-school-300964/
6,2023,46131166,Palmer Williams,P,Baylor,Enrolled,yes,yes,55,Vulnerable,55,Vulnerable,20.5%,79.5%,33.4%,33.4%,66.6%,0.8203,3-star,NA,7/1/2022,"Davie County (Mocksville, NC)",NC,Mocksville,35.899716,-80.561095,TX,31.557994,-97.18975,1000,far,city,no,173,0,0,0,0,1,0,0,0,0,0,0,0,first commitment; only commit at position; far,https://247sports.com/player/palmer-williams-46131166/high-school-277174/
7,2022,46115223,Brett Thorson,P,Georgia,Enrolled,yes,yes,53,Vulnerable,53,Vulnerable,20.3%,79.7%,33.4%,33.4%,66.6%,0.8293,3-star,NA,3/31/2021,"ProKick Australia (Australia, AUST)",,,,,GA,32.7,-83.3,,,,,259,0,0,0,0,0,0,0,0,0,0,0,0,early commit; first commitment; only commit at position,https://247sports.com/player/brett-thorson-46115223/high-school-263912/
8,2024,46142884,Luke Faccone,P,Air Force,Enrolled,yes,no,53,Vulnerable,52.2,Vulnerable,20.2%,79.8%,33.4%,33.4%,66.6%,0.7800,2-star/NR,NA,6/27/2023,"Puyallup (Puyallup, WA)",WA,Puyallup,47.179046,-122.291523,CO,39.0,-105.5,1015,far,city_to_state,no,176,0,0,0,0,0,0,0,0,1,0,0,0,first commitment; only commit at position; far; other-school offers after commit,https://247sports.com/player/luke-faccone-46142884/high-school-298920/
9,2023,46134944,Reese Keeney,P,Rice,Enrolled,yes,no,55,Vulnerable,55,Vulnerable,19.5%,80.5%,33.4%,33.4%,66.6%,0.7989,2-star/NR,NA,7/1/2022,"Farragut (Knoxville, TN)",TN,Knoxville,35.97068,-83.94927,TX,29.785743,-95.388806,789,far,city,no,173,0,0,0,0,1,0,0,0,0,0,0,0,first commitment; only commit at position; far,https://247sports.com/player/reese-keeney-46134944/high-school-283120/
10,2026,46161266,Connor Smith,P,Arkansas,Enrolled,yes,yes,53,Vulnerable,53,Vulnerable,19.4%,80.6%,33.4%,33.4%,66.6%,0.8233,3-star,NA,6/14/2025,"Ridgeview (Clintwood, VA)",VA,Clintwood,37.152994,-82.459892,AR,36.071455,-94.166564,653,regional,city,no,186,0,0,0,0,1,0,0,0,0,0,0,0,early commit; first commitment; only commit at position,https://247sports.com/player/connor-smith-46161266/high-school-344445/
11,2026,46160086,Jake Snyder,P,Memphis,Signed,yes,no,51,Vulnerable,51,Vulnerable,18.5%,81.5%,33.4%,33.4%,66.6%,0.8178,3-star,NA,6/8/2025,"Denmark (Alpharetta, GA)",GA,Alpharetta,34.070866,-84.27265,TN,35.109164,-89.968511,332,regional,city,no,192,0,0,0,0,0,0,0,0,0,0,0,0,early commit; first commitment; only commit at position,https://247sports.com/player/jake-snyder-46160086/high-school-339910/
12,2026,46162117,Bradan Scott,P,Boise State,Signed,yes,no,55,Vulnerable,49.0,Weak / Attack,18.4%,81.6%,33.4%,55.0%,45.0%,0.8100,3-star,NA,6/26/2025,"Santa Fe Christian Schools (Solana Beach, CA)",CA,Solana Beach,32.9913,-117.258062,ID,44.2,-114.6,788,far,city,no,174,0,0,0,0,1,0,0,0,0,1,1,0,first commitment; only commit at position; far; other-school OV after commit,https://247sports.com/player/bradan-scott-46162117/high-school-346171/
13,2022,46116378,Tyler Perkins,P,Iowa State,Enrolled,yes,yes,57,Vulnerable,57,Vulnerable,18.0%,82.0%,33.4%,33.4%,66.6%,0.8163,3-star,NA,6/16/2021,"Norwalk (Norwalk, OH)",OH,Norwalk,41.244573,-82.60895,IA,42.026327,-93.621264,571,regional,city,no,182,0,0,0,0,1,1,0,0,0,0,0,0,early commit; first commitment; only commit at position,https://247sports.com/player/tyler-perkins-46116378/high-school-265968/
14,2022,46117919,Sam Candotti,P,Boston College,Enrolled,yes,yes,53,Vulnerable,52.2,Vulnerable,17.6%,82.4%,33.4%,33.4%,66.6%,0.8217,3-star,NA,5/2/2021,"ProKick Australia (Australia, AUST)",,,,,MA,42.2,-71.8,,,,,227,0,0,0,0,0,0,0,0,1,0,0,0,early commit; first commitment; only commit at position; other-school offers after commit,https://247sports.com/player/sam-candotti-46117919/high-school-268414/
15,2023,46133143,Aidan Flintoft,P,Stanford,Enrolled,yes,yes,51,Vulnerable,44.2,Weak / Attack,16.9%,83.1%,33.4%,55.0%,45.0%,0.8256,3-star,NA,4/24/2022,"Oaks Christian (Westlake Village, CA)",CA,Westlake Village,34.136675,-118.817367,CA,37.426933,-122.167741,295,regional,city,yes,241,0,0,0,0,0,0,0,0,1,1,1,0,early commit; first commitment; only commit at position; other-school OV after commit; other-school offers after commit,https://247sports.com/player/aidan-flintoft-46133143/high-school-279832/
16,2024,46136562,Mason Love,P,South Carolina,Enrolled,yes,yes,54,Vulnerable,54,Vulnerable,16.2%,83.8%,33.4%,33.4%,66.6%,0.8150,3-star,NA,6/12/2023,"Park Hill South (Riverside, MO)",MO,Riverside,39.172175,-94.632499,SC,34.040519,-80.906099,839,far,city,no,191,0,0,0,0,1,1,2,0,0,0,0,0,early commit; first commitment; only commit at position; far,https://247sports.com/player/mason-love-46136562/high-school-286806/
17,2027,46163374,Dane Olmstead,P,Missouri,Hard Commit,no,yes,53,Vulnerable,53,Vulnerable,16.0%,84.0%,33.4%,33.4%,66.6%,0.8050,3-star,NA,3/19/2026,"Freeburg Community (Freeburg, IL)",IL,Freeburg,38.439111,-89.916209,MO,38.94729,-92.326387,135,nearby,city,no,272,0,0,0,0,1,0,1,0,0,0,0,0,early commit; first commitment; only commit at position,https://247sports.com/player/dane-olmstead-46163374/high-school-348371/
18,2025,46150690,Hayden Craig,P,Florida,Enrolled,yes,yes,53,Vulnerable,53,Vulnerable,15.7%,84.3%,33.4%,33.4%,66.6%,0.8178,3-star,NA,6/12/2024,"Bridgton Academy (Mercier, QC)",QC,Mercier,,,FL,29.679537,-82.346793,,,,no,189,0,0,0,0,0,0,0,1,0,0,0,0,early commit; first commitment; only commit at position,https://247sports.com/player/hayden-craig-46150690/high-school-316419/
19,2022,46117314,Sam Vander Haar,P,Pittsburgh,Enrolled,yes,yes,53,Vulnerable,53,Vulnerable,15.4%,84.6%,33.4%,33.4%,66.6%,0.8033,3-star,NA,5/14/2021,"ProKick Australia (Australia, AUST)",,,,,PA,40.439936,-79.975676,,,,,215,0,0,0,0,0,0,0,0,0,0,0,0,early commit; first commitment; only commit at position,https://247sports.com/player/sam-vander-haar-46117314/high-school-267514/
20,2024,46134291,Michael Kern,P,Texas,Enrolled,yes,yes,48,Weak / Attack,48,Weak / Attack,13.5%,86.5%,55.0%,55.0%,45.0%,0.8219,3-star,NA,5/2/2023,"St. Thomas Aquinas (Fort Lauderdale, FL)",FL,Fort Lauderdale,26.141227,-80.146731,TX,30.298622,-97.754134,1108,far,city,no,232,0,0,0,0,3,0,5,1,0,0,0,0,early commit; first commitment; only commit at position; far,https://247sports.com/player/michael-kern-46134291/high-school-282036/
21,2023,46118248,Tyler White,P,Texas A&M,Enrolled,yes,yes,53,Vulnerable,53,Vulnerable,13.4%,86.6%,33.4%,33.4%,66.6%,0.8500,3-star,NA,4/11/2022,"Southlake Carroll (Southlake, TX)",TX,Southlake,32.954493,-97.148867,TX,30.58516,-96.29636,171,nearby,city,yes,254,0,0,0,0,2,0,1,1,0,0,0,0,early commit; first commitment; only commit at position,https://247sports.com/player/tyler-white-46118248/high-school-269290/
22,2022,46103591,Alex Bacchetta,P,Penn State,Enrolled,yes,yes,51,Vulnerable,50.0,Vulnerable,13.2%,86.8%,33.4%,33.4%,66.6%,0.8259,3-star,NA,5/25/2021,"Westminster School (Atlanta, GA)",GA,Atlanta,33.762909,-84.422675,PA,40.791039,-77.856813,605,regional,city,no,204,0,0,0,0,3,0,3,1,0,1,0,0,early commit; first commitment; only commit at position; other-school visit after commit,https://247sports.com/player/alex-bacchetta-46103591/high-school-254679/
23,2023,46130537,Caleb McGrath,P,Minnesota,Enrolled,yes,yes,53,Vulnerable,47.0,Weak / Attack,12.9%,87.1%,33.4%,55.0%,45.0%,0.8170,3-star,NA,5/3/2022,"Eastview (Saint Paul, MN)",MN,Saint Paul,,,MN,44.963324,-93.26832,103,nearby,state,yes,232,0,0,0,0,0,0,0,0,0,1,1,0,early commit; first commitment; only commit at position; other-school OV after commit,https://247sports.com/player/caleb-mcgrath-46130537/high-school-276309/
24,2026,46160814,Jack Gray,P,Illinois,Enrolled,yes,yes,58,Vulnerable,58,Vulnerable,12.8%,87.2%,33.4%,33.4%,66.6%,0.8244,3-star,NA,8/7/2025,"ProKick Australia (Australia, AUST)",,,,,IL,40.114099,-88.274619,,,,,132,0,0,0,0,0,0,0,1,0,0,0,0,first commitment; only commit at position,https://247sports.com/player/jack-gray-46160814/high-school-342443/
25,2025,46150915,Kolten Bartels,P,Ohio,Enrolled,yes,no,58,Vulnerable,58,Vulnerable,12.8%,87.2%,33.4%,33.4%,66.6%,0.8167,3-star,NA,8/1/2024,"Richmond Community (Richmond, MI)",MI,Richmond,42.810558,-82.752173,OH,40.4,-82.8,167,nearby,city_to_state,no,139,0,0,0,0,0,0,0,0,0,0,0,0,first commitment; only commit at position,https://247sports.com/player/kolten-bartels-46150915/high-school-316775/
