board_rank,class_year,name,position,committed_team,commitment_type,is_signed_or_enrolled,is_power_team_guess,commitment_strength_score,strength_tier,historical_bucket_decommit_flip_rate,rating,star_bucket,national_rank,committed_date,days_to_early_signing_day,prior_commitments,prior_decommits,same_position_commits_at_school,higher_rated_same_position_commits,post_commit_other_team_events,why_flagged,profile_url
1,2026,Wade Register,P,Georgia,Enrolled,yes,yes,55,Vulnerable,30.5%,0.8344,3-star,NA,6/11/2025,189,0,0,0,0,0,early commit; first commitment; only commit at position,https://247sports.com/player/wade-register-46159576/
2,2026,Jimmy Gregg,P,Syracuse,Enrolled,yes,yes,55,Vulnerable,30.5%,0.8322,3-star,NA,6/16/2025,184,0,0,0,0,0,early commit; first commitment; only commit at position,https://247sports.com/player/jimmy-gregg-46151631/
3,2026,Mikey Bukauskas,P,Texas,Enrolled,yes,yes,55,Vulnerable,30.5%,0.8311,3-star,NA,6/10/2025,190,0,0,0,0,0,early commit; first commitment; only commit at position,https://247sports.com/player/mikey-bukauskas-46158655/
4,2026,Connor Smith,P,Arkansas,Enrolled,yes,yes,55,Vulnerable,30.5%,0.8233,3-star,NA,6/14/2025,186,0,0,0,0,0,early commit; first commitment; only commit at position,https://247sports.com/player/connor-smith-46161266/
5,2026,Jake Snyder,P,Memphis,Signed,yes,no,55,Vulnerable,30.5%,0.8178,3-star,NA,6/8/2025,192,0,0,0,0,0,early commit; first commitment; only commit at position,https://247sports.com/player/jake-snyder-46160086/
6,2026,Jonathan Genty,P,Georgia Tech,Enrolled,yes,yes,60,Vulnerable,30.5%,0.8267,3-star,NA,6/20/2025,180,0,0,0,0,0,first commitment; only commit at position,https://247sports.com/player/jonathan-genty-46159850/
7,2026,Jack Gray,P,Illinois,Enrolled,yes,yes,60,Vulnerable,30.5%,0.8244,3-star,NA,8/7/2025,132,0,0,0,0,0,first commitment; only commit at position,https://247sports.com/player/jack-gray-46160814/
8,2026,Hunter Probst,P,Toledo,Enrolled,yes,no,60,Vulnerable,30.5%,0.8189,3-star,NA,6/30/2025,170,0,0,0,0,0,first commitment; only commit at position,https://247sports.com/player/hunter-probst-46161268/
9,2026,Luke Sword,P,Temple,Signed,yes,no,60,Vulnerable,30.5%,0.8156,3-star,NA,6/22/2025,178,0,0,0,0,0,first commitment; only commit at position,https://247sports.com/player/luke-sword-46159845/
10,2026,Bradan Scott,P,Boise State,Signed,yes,no,60,Vulnerable,30.5%,0.8100,3-star,NA,6/26/2025,174,0,0,0,0,0,first commitment; only commit at position,https://247sports.com/player/bradan-scott-46162117/
11,2026,Logan Foley,P,Tennessee,Enrolled,yes,yes,77,Stable / Monitor,16.7%,0.8100,3-star,NA,12/3/2025,14,0,0,0,0,0,first commitment; only commit at position,https://247sports.com/player/logan-foley-46162849/
12,2026,Mason Golding,P,Louisiana,Enrolled,yes,no,77,Stable / Monitor,16.7%,0.8100,3-star,NA,12/2/2025,15,0,0,0,0,0,first commitment; only commit at position,https://247sports.com/player/mason-golding-46162890/
13,2026,Jasper Scaife,P,Notre Dame,Enrolled,yes,yes,80,Strong,6.4%,0.8244,3-star,NA,12/25/2025,-8,0,0,0,0,0,first commitment; only commit at position,https://247sports.com/player/jasper-scaife-46163344/
14,2026,Matthew Gill,P,Kansas,Enrolled,yes,yes,80,Strong,6.4%,0.8244,3-star,NA,1/9/2026,-23,0,0,0,0,0,first commitment; only commit at position,https://247sports.com/player/matthew-gill-46163665/
15,2026,Boston Everitt,P,Iowa,Enrolled,yes,yes,80,Strong,6.4%,0.8200,3-star,NA,1/21/2026,-35,0,0,0,0,0,first commitment; only commit at position,https://247sports.com/player/boston-everitt-46164830/
16,2026,Brooks Moore,P,Tulane,Signed,yes,no,80,Strong,6.4%,0.8200,3-star,NA,2/4/2026,-49,0,0,0,0,0,first commitment; only commit at position,https://247sports.com/player/brooks-moore-46161265/
17,2026,Max Bourke,P,Auburn,Signed,yes,yes,80,Strong,6.4%,0.8100,3-star,NA,2/3/2026,-48,0,0,0,0,0,first commitment; only commit at position,https://247sports.com/player/max-bourke-46164828/
18,2026,Thomas Flintoff,P,Texas State,Enrolled,yes,no,80,Strong,6.4%,0.8100,3-star,NA,1/4/2026,-18,0,0,0,0,0,first commitment; only commit at position,https://247sports.com/player/thomas-flintoff-46163724/
19,2026,Luke Jones,P,Virginia Tech,Hard Commit,no,yes,80,Strong,6.4%,0.8000,3-star,NA,1/30/2026,-44,0,0,0,0,0,first commitment; only commit at position,https://247sports.com/player/luke-jones-46164629/
20,2026,Zachary Hays,P,TCU,Hard Commit,no,yes,92,Strong,6.4%,0.8100,3-star,NA,11/30/2025,17,1,0,0,0,0,only commit at position,https://247sports.com/player/zachary-hays-46160381/
21,2026,Chase Ridley,P,Arizona,Enrolled,yes,yes,95,Strong,6.4%,0.8244,3-star,NA,1/9/2026,-23,1,0,0,0,0,only commit at position,https://247sports.com/player/chase-ridley-46162851/
22,2026,Ethan Gurney,P,Iowa State,Enrolled,yes,yes,95,Strong,6.4%,0.8189,3-star,NA,1/16/2026,-30,1,0,0,0,0,only commit at position,https://247sports.com/player/ethan-gurney-46162976/
23,2026,Lucas Tenbrock,P,Penn State,Signed,yes,yes,97,Strong,6.4%,0.8244,3-star,NA,12/14/2025,3,1,1,0,0,0,prior decommit; only commit at position,https://247sports.com/player/lucas-tenbrock-46155509/
