board_rank,staff_action,data_confidence,name,position,committed_team,star_bucket,national_rank,model_decommit_flip_probability,model_stick_probability,home_city,home_state,home_to_target_miles,texas_opportunity_label,texas_opportunity_reasons,why_flagged,staff_owner,analyst_status,last_contact_date,next_action,staff_notes,profile_url
1,Call Today,High,Bradley Sturdivant,IOL,Arkansas,3-star,NA,73.9%,26.1%,Sheridan,AR,417,Attack Now,regional proximity; regional/rival school; active after commitment,very early commit; first commitment; thin position group; other-school offers after commit,,,,,,https://247sports.com/player/bradley-sturdivant-46154922/high-school-328257/
2,Call Today,High,Jaylen Scott,S,Oklahoma,4-star,305,67.8%,32.2%,Mobile,AL,578,Attack Now,regional proximity; regional/rival school; 4-star; active after commitment,early commit; first commitment; prior decommit; only commit at position; 4-star,,,,,,https://247sports.com/player/jaylen-scott-46154318/high-school-326554/
3,Call Today,High,Eli Johnson,S,Ohio State,4-star,220,61.8%,38.2%,Cibolo,TX,57,Attack Now,geographic fit; 4-star; active after commitment,very early commit; first commitment; only commit at position; far; 4-star,,,,,,https://247sports.com/player/eli-johnson-46147058/high-school-308588/
4,Call Today,High,Raiden Cook,DL,Houston,4-star,146,61.0%,39.0%,Mont Belvieu,TX,174,Attack Now,geographic fit; regional/rival school; 4-star; active after commitment,early commit; first commitment; only commit at position; 4-star; other-school OV after commit,,,,,,https://247sports.com/player/raiden-cook-46164607/high-school-351553/
5,Call Today,High,Elijah Patmon,DL,Texas A&M,4-star,180,60.3%,39.7%,Warner Robins,GA,847,Attack Now,regional/rival school; 4-star; active after commitment,very early commit; first commitment; thin position group; far; 4-star,,,,,,https://247sports.com/player/elijah-patmon-46149821/high-school-314986/
6,Call Today,High,Marcus Watson,ATH,Houston,3-star,NA,60.3%,39.7%,Baton Rouge,LA,391,Attack Now,regional proximity; regional/rival school; active after commitment,early commit; first commitment; only commit at position; other-school OV after commit,,,,,,https://247sports.com/player/marcus-watson-46163630/high-school-349101/
7,Call Today,High,Xavier Muhammad,DL,Michigan,4-star,101,57.6%,42.4%,Pearland,TX,155,Attack Now,geographic fit; 4-star; active after commitment,early commit; first commitment; only commit at position; far; 4-star,,,,,,https://247sports.com/player/xavier-muhammad-46147250/high-school-363161/
8,Call Today,High,Jayce Johnson,QB,Texas A&M,4-star,195,56.3%,43.7%,Valdosta,GA,861,Attack Now,regional/rival school; 4-star; active after commitment,very early commit; first commitment; only commit at position; far; 4-star,,,,,,https://247sports.com/player/jayce-johnson-46146222/high-school-306845/
9,Call Today,High,Keldrid Ben,RB,Oklahoma,4-star,117,55.9%,44.1%,Montgomery,TX,122,Attack Now,geographic fit; regional/rival school; 4-star; active after commitment,very early commit; first commitment; thin position group; 4-star; other-school offers after commit,,,,,,https://247sports.com/player/keldrid-ben-46162816/high-school-347273/
10,Call Today,High,Jeremiah Douglas,WR,Vanderbilt,3-star,652,54.4%,45.6%,Crandall,TX,181,Attack Now,geographic fit; active after commitment,very early commit; first commitment; only commit at position; other-school OV after commit; other-school offers after commit,,,,,,https://247sports.com/player/jeremiah-douglas-46145101/high-school-304242/
11,Call Today,High,Benny Easter Jr.,WR,Texas Tech,4-star,72,52.2%,47.8%,Humble,TX,149,Attack Now,geographic fit; regional/rival school; 4-star; active after commitment,very early commit; first commitment; thin position group; 4-star; other-school OV after commit,,,,,,https://247sports.com/player/benny-easter-jr-46153369/high-school-324357/
12,Call Today,High,Hakim Frampton,ATH,Texas A&M,3-star,486,51.6%,48.4%,San Antonio,TX,74,Attack Now,geographic fit; regional/rival school; active after commitment,very early commit; first commitment; only commit at position; other-school offers after commit,,,,,,https://247sports.com/player/hakim-frampton-46142344/high-school-319002/
13,Call Today,High,Ezekiel Ayangbile,DL,Miami,4-star,177,51.2%,48.8%,Houston,TX,147,Attack Now,geographic fit; 4-star; active after commitment,early commit; first commitment; only commit at position; far; 4-star,,,,,,https://247sports.com/player/ezekiel-ayangbile-46146266/high-school-306942/
14,Call Today,High,Karece Hoyt,ATH,Baylor,4-star,329,49.6%,50.4%,Frisco,TX,206,Attack Now,geographic fit; regional/rival school; 4-star; active after commitment,very early commit; first commitment; only commit at position; 4-star; other-school OV after commit,,,,,,https://247sports.com/player/karece-hoyt-46144142/high-school-302338/
15,Call Today,High,Luke Wilson,OT,Oklahoma,3-star,625,49.3%,50.7%,Southlake,TX,188,Attack Now,geographic fit; regional/rival school; active after commitment,very early commit; first commitment; thin position group; other-school offers after commit,,,,,,https://247sports.com/player/luke-wilson-46159294/high-school-338745/
16,Call Today,High,Cadriann Olds,DL,Baylor,3-star,NA,44.1%,55.9%,Tulsa,OK,419,Attack Now,regional proximity; regional/rival school; active after commitment,early commit; first commitment; only commit at position; other-school OV after commit,,,,,,https://247sports.com/player/cadriann-olds-46165288/high-school-355211/
17,Call Today,High,Weston Nielsen,QB,Arizona State,4-star,432,42.0%,58.0%,Bastrop,TX,28,Attack Now,geographic fit; 4-star; active after commitment,very early commit; first commitment; only commit at position; far; 4-star,,,,,,https://247sports.com/player/weston-nielsen-46144165/high-school-302376/
18,Call Today,High,Jhadyn Nelson,LB,Texas Tech,4-star,52,41.9%,58.1%,Houston,TX,147,Attack Now,geographic fit; regional/rival school; 4-star; active after commitment,early commit; first commitment; only commit at position; 4-star; other-school OV after commit,,,,,,https://247sports.com/player/jhadyn-nelson-46164194/high-school-350620/
19,Call Today,High,Alex Patton,CB,Duke,3-star,751,39.8%,60.2%,Cibolo,TX,57,Attack Now,geographic fit; active after commitment,early commit; first commitment; only commit at position; far; other-school OV after commit,,,,,,https://247sports.com/player/alex-patton-46137071/high-school-287790/
20,Call Today,High,Brayden White,DL,Stanford,3-star,847,37.8%,62.2%,Shepherd,TX,164,Attack Now,geographic fit; active after commitment,early commit; first commitment; only commit at position; cross country; other-school OV after commit,,,,,,https://247sports.com/player/brayden-white-46156901/high-school-333595/
21,Call Today,High,Aiden Martin,S,Utah,3-star,751,37.5%,62.5%,San Antonio,TX,74,Attack Now,geographic fit; active after commitment,early commit; first commitment; thin position group; far; other-school OV after commit,,,,,,https://247sports.com/player/aiden-martin-46158548/high-school-337591/
22,Call Today,High,Peyton Miller,IOL,Florida,4-star,113,37.2%,62.8%,Anna,TX,224,Attack Now,geographic fit; 4-star; active after commitment,early commit; first commitment; thin position group; far; 4-star,,,,,,https://247sports.com/player/peyton-miller-46144299/high-school-302543/
23,Call Today,High,Davontrae Kirkland,S,Baylor,3-star,751,37.0%,63.0%,Waco,TX,95,Attack Now,geographic fit; regional/rival school; active after commitment,very early commit; first commitment; thin position group; other-school offers after commit,,,,,,https://247sports.com/player/davontrae-kirkland-46138988/high-school-291804/
24,Call Today,High,Blake Gunter,WR,California,3-star,NA,36.9%,63.1%,Southlake,TX,188,Attack Now,geographic fit; active after commitment,early commit; first commitment; far; other-school OV after commit,,,,,,https://247sports.com/player/blake-gunter-46157583/high-school-335794/
25,Call Today,High,Prince Washington,CB,Colorado,3-star,NA,36.0%,64.0%,Houston,TX,147,Attack Now,geographic fit; active after commitment,early commit; first commitment; thin position group; far; other-school OV after commit,,,,,,https://247sports.com/player/prince-washington-46156183/high-school-330676/
26,Call Today,High,Elijajuan Houston,S,Arizona State,3-star,550,34.3%,65.7%,Fort Worth,TX,172,Attack Now,geographic fit; active after commitment,early commit; first commitment; only commit at position; far; other-school OV after commit,,,,,,https://247sports.com/player/elijajuan-houston-46152705/high-school-322510/
27,Call Today,High,SaRod Baker,RB,Texas Tech,4-star,84,34.0%,66.0%,DeSoto,TX,169,Attack Now,geographic fit; regional/rival school; 4-star; active after commitment,early commit; first commitment; only commit at position; 4-star; other-school OV after commit,,,,,,https://247sports.com/player/sarod-baker-46158129/high-school-336981/
28,Call Today,High,Braiden Graves,S,Kansas,3-star,594,33.8%,66.2%,Cypress,TX,124,Attack Now,geographic fit; active after commitment,early commit; first commitment; only commit at position; other-school OV after commit,,,,,,https://247sports.com/player/braiden-graves-46157607/high-school-335830/
29,Call Today,High,Sione Felila,DL,Oklahoma,3-star,575,32.7%,67.3%,Hesperia,CA,1175,Attack Now,regional/rival school; active after commitment,early commit; first commitment; far; other-school OV after commit,,,,,,https://247sports.com/player/sione-felila-46149257/high-school-314079/
30,Call Today,High,Eli Thornton,DL,Arkansas,3-star,NA,30.6%,69.4%,Jonesboro,AR,561,Attack Now,regional proximity; regional/rival school; active after commitment,early commit; first commitment; thin position group; other-school OV after commit,,,,,,https://247sports.com/player/eli-thornton-46163675/high-school-349234/
31,Call Today,High,Amari Vickerson,DL,SMU,3-star,594,28.2%,71.8%,Cypress,TX,124,Attack Now,geographic fit; regional/rival school; active after commitment,early commit; first commitment; only commit at position; other-school OV after commit; other-school offers after commit,,,,,,https://247sports.com/player/amari-vickerson-46150219/high-school-315653/
32,Call Today,High,Ake O'Neal,WR,Oklahoma State,3-star,NA,27.7%,72.3%,Argyle,TX,199,Attack Now,geographic fit; regional/rival school; active after commitment,early commit; first commitment; thin position group; other-school OV after commit,,,,,,https://247sports.com/player/ake-oneal-46165182/high-school-354134/
33,Call Today,High,Darrien Neal,DL,TCU,3-star,NA,26.9%,73.1%,Denton,TX,207,Attack Now,geographic fit; regional/rival school; active after commitment,early commit; first commitment; only commit at position; other-school OV after commit,,,,,,https://247sports.com/player/darrien-neal-46148173/high-school-311095/
34,Call Today,High,Mikyal Davis,CB,Oklahoma,3-star,550,26.2%,73.8%,Goodyear,AZ,884,Attack Now,regional/rival school; active after commitment,very early commit; first commitment; far; other-school offers after commit,,,,,,https://247sports.com/player/mikyal-davis-46149592/high-school-314650/
35,Call Today,High,Jaderian Jones,DL,California,3-star,803,26.2%,73.8%,Dallas,TX,182,Attack Now,geographic fit; active after commitment,early commit; first commitment; far; other-school OV after commit,,,,,,https://247sports.com/player/jaderian-jones-46149545/high-school-314594/
36,Call Today,High,Abdus Kone,IOL,Maryland,3-star,NA,25.9%,74.1%,Houston,TX,147,Attack Now,geographic fit; active after commitment,early commit; first commitment; only commit at position; far; other-school OV after commit,,,,,,https://247sports.com/player/abdus-kone-46159210/high-school-338590/
37,Call Today,High,K'Adrian Redmond,DL,Texas Tech,4-star,188,25.6%,74.4%,DeSoto,TX,169,Attack Now,geographic fit; regional/rival school; 4-star; active after commitment,very early commit; first commitment; 4-star; other-school visit after commit,,,,,,https://247sports.com/player/kadrian-redmond-46150263/high-school-315712/
38,Call Today,High,Lathan Whisenton,RB,Notre Dame,4-star,142,25.4%,74.6%,Waco,TX,95,Attack Now,geographic fit; 4-star; active after commitment,early commit; first commitment; thin position group; far; 4-star,,,,,,https://247sports.com/player/lathan-whisenton-46142921/high-school-299011/
39,Call Today,High,Julian Caldwell,WR,Texas Tech,4-star,123,25.4%,74.6%,Argyle,TX,199,Attack Now,geographic fit; regional/rival school; 4-star; active after commitment,early commit; first commitment; thin position group; 4-star; other-school OV after commit,,,,,,https://247sports.com/player/julian-caldwell-46151294/high-school-317398/
40,Call Today,High,Brenham Cherne,DL,Wake Forest,3-star,NA,24.9%,75.1%,Melissa,TX,220,Attack Now,geographic fit; active after commitment,early commit; first commitment; far; other-school OV after commit,,,,,,https://247sports.com/player/brenham-cherne-46165509/high-school-355497/
41,Call Today,High,Bryson Dossett,S,Kansas State,3-star,NA,24.5%,75.5%,Missouri City,TX,139,Attack Now,geographic fit; active after commitment,early commit; first commitment; thin position group; other-school OV after commit,,,,,,https://247sports.com/player/bryson-dossett-46150553/high-school-316170/
42,Call Today,High,Talan Scott,TE,Oklahoma State,3-star,NA,23.7%,76.3%,Queen Creek,AZ,841,Attack Now,regional/rival school; active after commitment,early commit; first commitment; only commit at position; far; other-school OV after commit,,,,,,https://247sports.com/player/talan-scott-46156636/high-school-332017/
43,Call Today,High,Krew Jones,Edge,Oklahoma,4-star,179,23.6%,76.4%,Orem,UT,1046,Attack Now,regional/rival school; 4-star; active after commitment,very early commit; first commitment; thin position group; far; 4-star,,,,,,https://247sports.com/player/krew-jones-46143771/high-school-301798/
44,Call Today,High,Kaden McCarty,Edge,Texas A&M,4-star,186,23.5%,76.5%,Houston,TX,147,Attack Now,geographic fit; regional/rival school; 4-star; active after commitment,very early commit; first commitment; 4-star; other-school offers after commit,,,,,,https://247sports.com/player/kaden-mccarty-46145112/high-school-304255/
45,Call Today,Medium,Chris Whitehead,Edge,LSU,5-star,45,23.5%,76.5%,Chesterfield,VA,1198,Attack Now,regional/rival school; 5-star; active after commitment,early commit; first commitment; thin position group; far; 5-star,,,,,,https://247sports.com/player/chris-whitehead-46147078/high-school-308610/
46,Call Today,High,Braden Baker,QB,Houston,3-star,625,23.4%,76.6%,Cypress,TX,124,Attack Now,geographic fit; regional/rival school; active after commitment,early commit; first commitment; only commit at position; other-school OV after commit,,,,,,https://247sports.com/player/braden-baker-46145090/high-school-304231/
47,Call Today,High,KJ Green,Edge,LSU,4-star,80,22.9%,77.1%,Stone Mountain,GA,831,Attack Now,regional/rival school; 4-star; active after commitment,early commit; first commitment; thin position group; 4-star; other-school OV after commit,,,,,,https://247sports.com/player/kj-green-46150870/high-school-316701/
48,Call Today,High,Kevin Jackson,S,Maryland,3-star,NA,22.8%,77.2%,Pearland,TX,155,Attack Now,geographic fit; active after commitment,early commit; first commitment; far; other-school OV after commit,,,,,,https://247sports.com/player/kevin-jackson-46146944/high-school-308439/
49,Call Today,High,Antwon Sanders,RB,California,3-star,NA,22.6%,77.4%,Houston,TX,147,Attack Now,geographic fit; active after commitment,early commit; first commitment; thin position group; cross country; other-school OV after commit,,,,,,https://247sports.com/player/antwon-sanders-46157633/high-school-335860/
50,Call Today,High,Franklon Evans,S,Boston College,3-star,NA,22.0%,78.0%,Dallas,TX,182,Attack Now,geographic fit; active after commitment,early commit; first commitment; cross country; other-school OV after commit,,,,,,https://247sports.com/player/franklon-evans-46167462/high-school-360494/
