model,rows,class_year,board_dates,top_25_hit_rate,board_base_rate,lift
at_commit,same as at-commit,2024,30,0.216,0.0759,2.84
logistic,same as at-commit,2024,30,0.228,0.0759,3.0
boosted,same as at-commit,2024,30,0.2293,0.0759,3.02
logistic,all snapshots,2024,31,0.1987,0.0576,3.45
boosted,all snapshots,2024,31,0.1987,0.0576,3.45
at_commit,same as at-commit,2025,35,0.2046,0.0891,2.3
logistic,same as at-commit,2025,35,0.2457,0.0891,2.76
boosted,same as at-commit,2025,35,0.288,0.0891,3.23
logistic,all snapshots,2025,35,0.2366,0.0782,3.02
boosted,all snapshots,2025,35,0.2731,0.0782,3.49
at_commit,same as at-commit,2026,36,0.2278,0.089,2.56
logistic,same as at-commit,2026,36,0.2478,0.089,2.78
boosted,same as at-commit,2026,36,0.3333,0.089,3.75
logistic,all snapshots,2026,36,0.2367,0.0824,2.87
boosted,all snapshots,2026,36,0.31,0.0824,3.76
at_commit,same as at-commit,2027,0,,,
logistic,same as at-commit,2027,0,,,
boosted,same as at-commit,2027,0,,,
logistic,all snapshots,2027,21,0.1981,0.0834,2.37
boosted,all snapshots,2027,21,0.2648,0.0834,3.17
