class_year,month,commits
2022,2019-06,1
2022,2020-04,2
2022,2020-05,2
2022,2020-06,2
2022,2020-07,7
2022,2020-08,7
2022,2020-09,11
2022,2020-10,8
2022,2020-11,8
2022,2020-12,18
2022,2021-01,21
2022,2021-02,64
2022,2021-03,71
2022,2021-04,86
2022,2021-05,36
2022,2021-06,379
2022,2021-07,291
2022,2021-08,147
2022,2021-09,79
2022,2021-10,118
2022,2021-11,137
2022,2021-12,474
2022,2022-01,215
2022,2022-02,244
2022,2022-03,11
2022,2022-04,14
2022,2022-05,12
2022,2022-06,28
2022,2022-07,7
2022,2022-08,2
2022,2023-02,1
2022,2023-03,1
2022,2023-05,1
2022,2023-06,2
2022,2023-08,1
2022,2023-09,1
2022,2023-12,1
2022,2024-01,1
2022,2024-02,1
2022,2024-04,1
2022,2024-12,1
2022,2025-01,1
2022,2026-01,1
2023,2020-08,2
2023,2020-09,1
2023,2020-11,1
2023,2021-01,1
2023,2021-02,1
2023,2021-06,3
2023,2021-07,6
2023,2021-08,7
2023,2021-09,7
2023,2021-10,6
2023,2021-11,13
2023,2021-12,16
2023,2022-01,28
2023,2022-02,25
2023,2022-03,51
2023,2022-04,106
2023,2022-05,98
2023,2022-06,520
2023,2022-07,318
2023,2022-08,200
2023,2022-09,81
2023,2022-10,104
2023,2022-11,128
2023,2022-12,562
2023,2023-01,219
2023,2023-02,147
2023,2023-03,16
2023,2023-04,6
2023,2023-05,8
2023,2023-06,26
2023,2023-07,10
2023,2023-08,1
2023,2023-09,2
2023,2023-10,1
2023,2023-12,2
2023,2024-04,1
2023,2024-07,1
2023,2024-12,1
2023,2025-01,3
2023,2025-05,1
2023,2025-06,2
2023,2025-08,1
2023,2026-01,1
2024,2021-02,1
2024,2021-06,2
2024,2021-07,1
2024,2022-01,2
2024,2022-02,1
2024,2022-03,1
2024,2022-04,5
2024,2022-05,1
2024,2022-06,8
2024,2022-07,9
2024,2022-08,3
2024,2022-09,3
2024,2022-10,6
2024,2022-11,20
2024,2022-12,14
2024,2023-01,34
2024,2023-02,26
2024,2023-03,81
2024,2023-04,174
2024,2023-05,102
2024,2023-06,725
2024,2023-07,345
2024,2023-08,152
2024,2023-09,76
2024,2023-10,130
2024,2023-11,113
2024,2023-12,572
2024,2024-01,125
2024,2024-02,254
2024,2024-03,6
2024,2024-04,8
2024,2024-05,7
2024,2024-06,17
2024,2024-07,5
2024,2024-08,5
2024,2024-12,2
2024,2025-02,1
2024,2025-05,1
2024,2025-12,2
2024,2026-01,1
2025,2022-07,1
2025,2022-12,1
2025,2023-02,1
2025,2023-04,5
2025,2023-06,10
2025,2023-07,5
2025,2023-08,11
2025,2023-09,13
2025,2023-10,13
2025,2023-11,28
2025,2023-12,13
2025,2024-01,42
2025,2024-02,48
2025,2024-03,67
2025,2024-04,167
2025,2024-05,131
2025,2024-06,813
2025,2024-07,359
2025,2024-08,156
2025,2024-09,69
2025,2024-10,103
2025,2024-11,231
2025,2024-12,468
2025,2025-01,216
2025,2025-02,265
2025,2025-03,9
2025,2025-04,9
2025,2025-05,12
2025,2025-06,19
2025,2025-07,1
2025,2025-08,1
2025,2025-12,1
2025,2026-01,1
2026,2023-07,1
2026,2023-09,2
2026,2023-10,2
2026,2023-11,1
2026,2023-12,1
2026,2024-01,1
2026,2024-03,3
2026,2024-04,3
2026,2024-05,2
2026,2024-06,11
2026,2024-07,11
2026,2024-08,12
2026,2024-09,8
2026,2024-10,10
2026,2024-11,22
2026,2024-12,18
2026,2025-01,50
2026,2025-02,60
2026,2025-03,94
2026,2025-04,171
2026,2025-05,169
2026,2025-06,967
2026,2025-07,288
2026,2025-08,61
2026,2025-09,70
2026,2025-10,103
2026,2025-11,226
2026,2025-12,415
2026,2026-01,150
2026,2026-02,186
2026,2026-03,4
2026,2026-04,6
2026,2026-05,5
2026,2026-06,1
2027,2024-06,1
2027,2024-10,1
2027,2024-11,1
2027,2024-12,1
2027,2025-01,1
2027,2025-03,3
2027,2025-04,1
2027,2025-05,2
2027,2025-06,12
2027,2025-07,6
2027,2025-08,5
2027,2025-09,16
2027,2025-10,15
2027,2025-11,24
2027,2025-12,25
2027,2026-01,33
2027,2026-02,43
2027,2026-03,90
2027,2026-04,207
2027,2026-05,306
2027,2026-06,693
