class_year,week_monday,commits
2022,2019-06-24,1
2022,2020-04-20,2
2022,2020-04-27,2
2022,2020-06-01,1
2022,2020-06-08,1
2022,2020-07-13,1
2022,2020-07-20,5
2022,2020-07-27,2
2022,2020-08-03,2
2022,2020-08-10,3
2022,2020-08-17,1
2022,2020-08-31,2
2022,2020-09-07,3
2022,2020-09-21,6
2022,2020-10-12,2
2022,2020-10-19,3
2022,2020-10-26,3
2022,2020-11-02,2
2022,2020-11-09,1
2022,2020-11-16,2
2022,2020-11-23,2
2022,2020-11-30,5
2022,2020-12-07,3
2022,2020-12-14,6
2022,2020-12-21,5
2022,2020-12-28,2
2022,2021-01-04,2
2022,2021-01-11,1
2022,2021-01-18,8
2022,2021-01-25,8
2022,2021-02-01,17
2022,2021-02-08,14
2022,2021-02-15,15
2022,2021-02-22,18
2022,2021-03-01,16
2022,2021-03-08,13
2022,2021-03-15,14
2022,2021-03-22,24
2022,2021-03-29,15
2022,2021-04-05,19
2022,2021-04-12,28
2022,2021-04-19,10
2022,2021-04-26,24
2022,2021-05-03,8
2022,2021-05-10,11
2022,2021-05-17,7
2022,2021-05-24,4
2022,2021-05-31,19
2022,2021-06-07,47
2022,2021-06-14,90
2022,2021-06-21,156
2022,2021-06-28,152
2022,2021-07-05,65
2022,2021-07-12,43
2022,2021-07-19,41
2022,2021-07-26,75
2022,2021-08-02,43
2022,2021-08-09,38
2022,2021-08-16,27
2022,2021-08-23,15
2022,2021-08-30,18
2022,2021-09-06,16
2022,2021-09-13,16
2022,2021-09-20,24
2022,2021-09-27,22
2022,2021-10-04,20
2022,2021-10-11,18
2022,2021-10-18,35
2022,2021-10-25,36
2022,2021-11-01,35
2022,2021-11-08,35
2022,2021-11-15,28
2022,2021-11-22,26
2022,2021-11-29,51
2022,2021-12-06,93
2022,2021-12-13,327
2022,2021-12-20,14
2022,2021-12-27,7
2022,2022-01-03,22
2022,2022-01-10,18
2022,2022-01-17,52
2022,2022-01-24,88
2022,2022-01-31,255
2022,2022-02-07,6
2022,2022-02-14,6
2022,2022-02-21,7
2022,2022-02-28,7
2022,2022-03-07,2
2022,2022-03-21,2
2022,2022-03-28,2
2022,2022-04-04,4
2022,2022-04-11,6
2022,2022-04-25,4
2022,2022-05-02,1
2022,2022-05-09,3
2022,2022-05-16,4
2022,2022-05-23,2
2022,2022-05-30,14
2022,2022-06-06,1
2022,2022-06-13,3
2022,2022-06-20,5
2022,2022-06-27,4
2022,2022-07-04,1
2022,2022-07-11,2
2022,2022-07-25,3
2022,2022-08-01,1
2022,2022-08-08,1
2022,2023-01-30,1
2022,2023-03-27,1
2022,2023-05-08,1
2022,2023-05-29,2
2022,2023-07-31,1
2022,2023-09-04,1
2022,2023-12-18,1
2022,2024-01-01,1
2022,2024-02-05,1
2022,2024-04-15,1
2022,2024-12-09,1
2022,2024-12-30,1
2022,2026-01-12,1
2023,2020-08-03,2
2023,2020-09-28,1
2023,2020-11-23,1
2023,2021-01-18,1
2023,2021-02-15,1
2023,2021-06-21,2
2023,2021-06-28,2
2023,2021-07-05,1
2023,2021-07-12,1
2023,2021-07-19,1
2023,2021-07-26,3
2023,2021-08-02,1
2023,2021-08-09,3
2023,2021-08-16,1
2023,2021-08-23,1
2023,2021-08-30,1
2023,2021-09-13,2
2023,2021-09-20,2
2023,2021-09-27,4
2023,2021-10-04,2
2023,2021-10-18,1
2023,2021-10-25,1
2023,2021-11-01,2
2023,2021-11-08,3
2023,2021-11-15,4
2023,2021-11-22,2
2023,2021-11-29,5
2023,2021-12-06,5
2023,2021-12-13,3
2023,2021-12-20,4
2023,2021-12-27,5
2023,2022-01-03,1
2023,2022-01-10,1
2023,2022-01-17,5
2023,2022-01-24,11
2023,2022-01-31,16
2023,2022-02-07,4
2023,2022-02-14,7
2023,2022-02-21,4
2023,2022-02-28,7
2023,2022-03-07,10
2023,2022-03-14,9
2023,2022-03-21,16
2023,2022-03-28,18
2023,2022-04-04,21
2023,2022-04-11,31
2023,2022-04-18,26
2023,2022-04-25,25
2023,2022-05-02,25
2023,2022-05-09,22
2023,2022-05-16,20
2023,2022-05-23,21
2023,2022-05-30,36
2023,2022-06-06,81
2023,2022-06-13,107
2023,2022-06-20,200
2023,2022-06-27,164
2023,2022-07-04,90
2023,2022-07-11,40
2023,2022-07-18,41
2023,2022-07-25,83
2023,2022-08-01,90
2023,2022-08-08,50
2023,2022-08-15,30
2023,2022-08-22,25
2023,2022-08-29,18
2023,2022-09-05,20
2023,2022-09-12,14
2023,2022-09-19,19
2023,2022-09-26,23
2023,2022-10-03,20
2023,2022-10-10,27
2023,2022-10-17,18
2023,2022-10-24,25
2023,2022-10-31,26
2023,2022-11-07,27
2023,2022-11-14,26
2023,2022-11-21,35
2023,2022-11-28,42
2023,2022-12-05,71
2023,2022-12-12,148
2023,2022-12-19,315
2023,2022-12-26,8
2023,2023-01-02,18
2023,2023-01-09,29
2023,2023-01-16,43
2023,2023-01-23,70
2023,2023-01-30,185
2023,2023-02-06,7
2023,2023-02-13,5
2023,2023-02-20,7
2023,2023-02-27,2
2023,2023-03-06,3
2023,2023-03-13,2
2023,2023-03-20,8
2023,2023-03-27,1
2023,2023-04-03,1
2023,2023-04-10,1
2023,2023-04-17,3
2023,2023-04-24,1
2023,2023-05-01,3
2023,2023-05-15,2
2023,2023-05-22,1
2023,2023-05-29,16
2023,2023-06-05,4
2023,2023-06-12,1
2023,2023-06-19,1
2023,2023-06-26,11
2023,2023-07-03,1
2023,2023-07-17,2
2023,2023-07-24,1
2023,2023-07-31,1
2023,2023-08-14,1
2023,2023-09-04,2
2023,2023-10-02,1
2023,2023-12-11,1
2023,2023-12-18,1
2023,2024-04-15,1
2023,2024-07-01,1
2023,2024-12-02,1
2023,2024-12-30,1
2023,2025-01-06,1
2023,2025-01-13,1
2023,2025-05-19,1
2023,2025-05-26,2
2023,2025-07-28,1
2023,2025-12-29,1
2024,2021-02-22,1
2024,2021-06-07,1
2024,2021-06-14,1
2024,2021-07-26,1
2024,2022-01-24,2
2024,2022-01-31,1
2024,2022-03-21,1
2024,2022-04-04,2
2024,2022-04-18,3
2024,2022-05-02,1
2024,2022-06-06,1
2024,2022-06-13,3
2024,2022-06-20,2
2024,2022-06-27,3
2024,2022-07-11,1
2024,2022-07-18,1
2024,2022-07-25,6
2024,2022-08-01,2
2024,2022-08-08,1
2024,2022-09-05,1
2024,2022-09-12,1
2024,2022-09-19,1
2024,2022-10-10,2
2024,2022-10-17,2
2024,2022-10-24,2
2024,2022-10-31,6
2024,2022-11-07,4
2024,2022-11-14,2
2024,2022-11-21,5
2024,2022-11-28,4
2024,2022-12-05,4
2024,2022-12-12,5
2024,2022-12-19,2
2024,2022-12-26,2
2024,2023-01-02,1
2024,2023-01-09,4
2024,2023-01-16,7
2024,2023-01-23,17
2024,2023-01-30,14
2024,2023-02-06,8
2024,2023-02-13,3
2024,2023-02-20,4
2024,2023-02-27,13
2024,2023-03-06,12
2024,2023-03-13,14
2024,2023-03-20,26
2024,2023-03-27,31
2024,2023-04-03,36
2024,2023-04-10,54
2024,2023-04-17,45
2024,2023-04-24,26
2024,2023-05-01,30
2024,2023-05-08,22
2024,2023-05-15,24
2024,2023-05-22,24
2024,2023-05-29,29
2024,2023-06-05,105
2024,2023-06-12,192
2024,2023-06-19,220
2024,2023-06-26,231
2024,2023-07-03,95
2024,2023-07-10,59
2024,2023-07-17,44
2024,2023-07-24,71
2024,2023-07-31,84
2024,2023-08-07,51
2024,2023-08-14,22
2024,2023-08-21,14
2024,2023-08-28,11
2024,2023-09-04,18
2024,2023-09-11,12
2024,2023-09-18,30
2024,2023-09-25,13
2024,2023-10-02,26
2024,2023-10-09,23
2024,2023-10-16,41
2024,2023-10-23,30
2024,2023-10-30,30
2024,2023-11-06,23
2024,2023-11-13,24
2024,2023-11-20,23
2024,2023-11-27,41
2024,2023-12-04,64
2024,2023-12-11,130
2024,2023-12-18,354
2024,2023-12-25,5
2024,2024-01-01,9
2024,2024-01-08,12
2024,2024-01-15,36
2024,2024-01-22,41
2024,2024-01-29,63
2024,2024-02-05,203
2024,2024-02-12,2
2024,2024-02-19,9
2024,2024-02-26,4
2024,2024-03-04,1
2024,2024-03-11,1
2024,2024-03-18,1
2024,2024-03-25,3
2024,2024-04-01,2
2024,2024-04-08,2
2024,2024-04-15,1
2024,2024-04-22,2
2024,2024-04-29,1
2024,2024-05-06,1
2024,2024-05-20,5
2024,2024-05-27,10
2024,2024-06-03,2
2024,2024-06-10,2
2024,2024-06-17,1
2024,2024-06-24,3
2024,2024-07-01,2
2024,2024-07-08,2
2024,2024-07-22,1
2024,2024-07-29,1
2024,2024-08-05,3
2024,2024-08-12,1
2024,2024-12-02,1
2024,2024-12-30,1
2024,2025-02-24,1
2024,2025-05-12,1
2024,2025-12-08,1
2024,2025-12-22,1
2024,2026-01-19,1
2025,2022-07-04,1
2025,2022-12-19,1
2025,2023-01-30,1
2025,2023-04-03,1
2025,2023-04-10,2
2025,2023-04-17,2
2025,2023-05-29,1
2025,2023-06-05,1
2025,2023-06-12,1
2025,2023-06-19,5
2025,2023-06-26,3
2025,2023-07-24,3
2025,2023-07-31,7
2025,2023-08-07,2
2025,2023-08-21,2
2025,2023-08-28,2
2025,2023-09-04,2
2025,2023-09-11,4
2025,2023-09-18,3
2025,2023-09-25,3
2025,2023-10-02,1
2025,2023-10-09,5
2025,2023-10-16,3
2025,2023-10-23,4
2025,2023-10-30,5
2025,2023-11-06,8
2025,2023-11-13,7
2025,2023-11-20,4
2025,2023-11-27,9
2025,2023-12-11,3
2025,2023-12-18,3
2025,2023-12-25,2
2025,2024-01-01,7
2025,2024-01-08,3
2025,2024-01-15,11
2025,2024-01-22,14
2025,2024-01-29,18
2025,2024-02-05,21
2025,2024-02-12,3
2025,2024-02-19,10
2025,2024-02-26,3
2025,2024-03-04,9
2025,2024-03-11,16
2025,2024-03-18,21
2025,2024-03-25,21
2025,2024-04-01,32
2025,2024-04-08,38
2025,2024-04-15,46
2025,2024-04-22,42
2025,2024-04-29,30
2025,2024-05-06,36
2025,2024-05-13,29
2025,2024-05-20,30
2025,2024-05-27,39
2025,2024-06-03,106
2025,2024-06-10,177
2025,2024-06-17,247
2025,2024-06-24,260
2025,2024-07-01,132
2025,2024-07-08,65
2025,2024-07-15,50
2025,2024-07-22,69
2025,2024-07-29,88
2025,2024-08-05,42
2025,2024-08-12,31
2025,2024-08-19,26
2025,2024-08-26,15
2025,2024-09-02,12
2025,2024-09-09,19
2025,2024-09-16,14
2025,2024-09-23,17
2025,2024-09-30,21
2025,2024-10-07,24
2025,2024-10-14,23
2025,2024-10-21,22
2025,2024-10-28,33
2025,2024-11-04,42
2025,2024-11-11,54
2025,2024-11-18,52
2025,2024-11-25,85
2025,2024-12-02,359
2025,2024-12-09,26
2025,2024-12-16,35
2025,2024-12-23,25
2025,2024-12-30,17
2025,2025-01-06,36
2025,2025-01-13,31
2025,2025-01-20,82
2025,2025-01-27,81
2025,2025-02-03,224
2025,2025-02-10,9
2025,2025-02-17,2
2025,2025-02-24,3
2025,2025-03-03,2
2025,2025-03-10,3
2025,2025-03-17,1
2025,2025-03-31,5
2025,2025-04-07,2
2025,2025-04-14,3
2025,2025-04-21,2
2025,2025-04-28,2
2025,2025-05-05,2
2025,2025-05-12,2
2025,2025-05-19,3
2025,2025-05-26,7
2025,2025-06-02,4
2025,2025-06-09,2
2025,2025-06-16,3
2025,2025-06-23,4
2025,2025-06-30,2
2025,2025-07-21,1
2025,2025-08-18,1
2025,2025-12-01,1
2025,2026-01-05,1
2026,2023-07-24,1
2026,2023-08-21,1
2026,2023-08-28,1
2026,2023-09-18,1
2026,2023-10-09,1
2026,2023-10-23,1
2026,2023-10-30,1
2026,2023-11-20,1
2026,2023-12-11,1
2026,2024-01-22,2
2026,2024-02-26,1
2026,2024-04-01,1
2026,2024-04-08,1
2026,2024-04-15,1
2026,2024-04-22,1
2026,2024-05-27,3
2026,2024-06-10,2
2026,2024-06-17,3
2026,2024-06-24,3
2026,2024-07-01,2
2026,2024-07-22,6
2026,2024-07-29,6
2026,2024-08-05,4
2026,2024-08-12,1
2026,2024-08-19,2
2026,2024-09-02,1
2026,2024-09-16,3
2026,2024-09-23,1
2026,2024-09-30,1
2026,2024-10-07,1
2026,2024-10-14,3
2026,2024-10-21,3
2026,2024-10-28,3
2026,2024-11-04,2
2026,2024-11-11,6
2026,2024-11-18,5
2026,2024-11-25,10
2026,2024-12-02,6
2026,2024-12-09,3
2026,2024-12-16,1
2026,2024-12-23,3
2026,2024-12-30,1
2026,2025-01-06,8
2026,2025-01-13,9
2026,2025-01-20,14
2026,2025-01-27,28
2026,2025-02-03,18
2026,2025-02-10,9
2026,2025-02-17,15
2026,2025-02-24,7
2026,2025-03-03,20
2026,2025-03-10,16
2026,2025-03-17,20
2026,2025-03-24,35
2026,2025-03-31,29
2026,2025-04-07,45
2026,2025-04-14,39
2026,2025-04-21,44
2026,2025-04-28,40
2026,2025-05-05,31
2026,2025-05-12,35
2026,2025-05-19,48
2026,2025-05-26,47
2026,2025-06-02,141
2026,2025-06-09,239
2026,2025-06-16,288
2026,2025-06-23,247
2026,2025-06-30,146
2026,2025-07-07,75
2026,2025-07-14,44
2026,2025-07-21,34
2026,2025-07-28,31
2026,2025-08-04,13
2026,2025-08-11,17
2026,2025-08-18,11
2026,2025-08-25,3
2026,2025-09-01,11
2026,2025-09-08,18
2026,2025-09-15,13
2026,2025-09-22,19
2026,2025-09-29,18
2026,2025-10-06,15
2026,2025-10-13,33
2026,2025-10-20,32
2026,2025-10-27,28
2026,2025-11-03,43
2026,2025-11-10,35
2026,2025-11-17,61
2026,2025-11-24,84
2026,2025-12-01,363
2026,2025-12-08,14
2026,2025-12-15,15
2026,2025-12-22,23
2026,2025-12-29,20
2026,2026-01-05,27
2026,2026-01-12,28
2026,2026-01-19,51
2026,2026-01-26,44
2026,2026-02-02,165
2026,2026-02-09,1
2026,2026-02-23,3
2026,2026-03-02,1
2026,2026-03-16,1
2026,2026-03-23,2
2026,2026-03-30,4
2026,2026-04-06,1
2026,2026-04-13,2
2026,2026-04-20,3
2026,2026-04-27,2
2026,2026-05-04,1
2026,2026-05-11,1
2026,2026-05-18,1
2026,2026-05-25,4
2026,2026-06-01,3
2026,2026-06-15,1
2026,2026-07-06,2
2026,2026-07-20,2
2027,2024-06-03,1
2027,2024-10-07,1
2027,2024-11-18,1
2027,2024-12-02,1
2027,2025-01-20,1
2027,2025-02-24,1
2027,2025-03-03,1
2027,2025-03-24,1
2027,2025-04-07,1
2027,2025-04-28,1
2027,2025-05-26,2
2027,2025-06-02,2
2027,2025-06-09,2
2027,2025-06-16,2
2027,2025-06-23,3
2027,2025-06-30,1
2027,2025-07-07,1
2027,2025-07-14,1
2027,2025-07-21,1
2027,2025-07-28,1
2027,2025-08-04,1
2027,2025-08-11,2
2027,2025-08-18,1
2027,2025-09-01,3
2027,2025-09-08,1
2027,2025-09-15,3
2027,2025-09-22,6
2027,2025-09-29,5
2027,2025-10-06,2
2027,2025-10-13,4
2027,2025-10-20,6
2027,2025-10-27,5
2027,2025-11-03,2
2027,2025-11-10,4
2027,2025-11-17,5
2027,2025-11-24,4
2027,2025-12-01,7
2027,2025-12-08,6
2027,2025-12-15,10
2027,2025-12-22,1
2027,2025-12-29,2
2027,2026-01-05,7
2027,2026-01-12,4
2027,2026-01-19,9
2027,2026-01-26,13
2027,2026-02-02,19
2027,2026-02-09,16
2027,2026-02-16,7
2027,2026-02-23,2
2027,2026-03-02,20
2027,2026-03-09,14
2027,2026-03-16,21
2027,2026-03-23,27
2027,2026-03-30,40
2027,2026-04-06,48
2027,2026-04-13,52
2027,2026-04-20,51
2027,2026-04-27,69
2027,2026-05-04,46
2027,2026-05-11,60
2027,2026-05-18,70
2027,2026-05-25,118
2027,2026-06-01,239
2027,2026-06-08,305
2027,2026-06-15,302
2027,2026-06-22,177
2027,2026-06-29,73
2027,2026-07-06,32
2027,2026-07-13,21
2027,2026-07-20,8
2027,2026-07-27,10
2027,2026-08-03,7
2027,2026-08-10,5
2027,2026-08-17,5
2027,2026-08-24,4
2027,2026-09-07,5
2027,2026-09-14,8
2027,2026-09-21,4
2028,2025-06-09,1
2028,2025-10-13,2
2028,2025-10-20,1
2028,2025-11-10,1
2028,2026-01-26,1
2028,2026-04-06,2
2028,2026-04-27,1
2028,2026-06-01,3
2028,2026-06-08,2
2028,2026-06-15,10
2028,2026-06-22,7
2028,2026-06-29,5
2028,2026-07-06,3
2028,2026-07-13,3
2028,2026-07-20,2
2028,2026-07-27,4
2028,2026-08-03,2
2028,2026-08-10,3
2028,2026-08-17,1
2028,2026-08-24,1
2028,2026-09-07,2
2028,2026-09-14,3
2028,2026-09-21,8
2028,2026-09-28,1
