class_year,date,commits
2022,2019-06-25,1
2022,2020-04-22,1
2022,2020-04-23,1
2022,2020-05-01,1
2022,2020-05-02,1
2022,2020-06-01,1
2022,2020-06-12,1
2022,2020-07-15,1
2022,2020-07-21,1
2022,2020-07-22,1
2022,2020-07-24,1
2022,2020-07-25,2
2022,2020-07-28,1
2022,2020-08-01,1
2022,2020-08-03,1
2022,2020-08-08,1
2022,2020-08-10,1
2022,2020-08-13,2
2022,2020-08-22,1
2022,2020-09-01,1
2022,2020-09-04,1
2022,2020-09-07,1
2022,2020-09-08,2
2022,2020-09-21,3
2022,2020-09-22,1
2022,2020-09-27,2
2022,2020-10-12,2
2022,2020-10-19,1
2022,2020-10-20,1
2022,2020-10-21,1
2022,2020-10-28,1
2022,2020-10-29,1
2022,2020-10-30,1
2022,2020-11-02,1
2022,2020-11-08,1
2022,2020-11-09,1
2022,2020-11-16,1
2022,2020-11-21,1
2022,2020-11-23,1
2022,2020-11-27,1
2022,2020-11-30,1
2022,2020-12-03,2
2022,2020-12-04,1
2022,2020-12-06,1
2022,2020-12-10,1
2022,2020-12-11,2
2022,2020-12-15,1
2022,2020-12-18,2
2022,2020-12-19,3
2022,2020-12-22,1
2022,2020-12-24,1
2022,2020-12-25,2
2022,2020-12-26,1
2022,2021-01-01,2
2022,2021-01-04,2
2022,2021-01-17,1
2022,2021-01-18,1
2022,2021-01-19,1
2022,2021-01-20,1
2022,2021-01-21,4
2022,2021-01-24,1
2022,2021-01-28,3
2022,2021-01-29,1
2022,2021-01-30,3
2022,2021-01-31,1
2022,2021-02-01,3
2022,2021-02-02,2
2022,2021-02-03,1
2022,2021-02-04,4
2022,2021-02-05,2
2022,2021-02-06,4
2022,2021-02-07,1
2022,2021-02-08,1
2022,2021-02-10,5
2022,2021-02-11,2
2022,2021-02-12,2
2022,2021-02-13,4
2022,2021-02-16,2
2022,2021-02-17,3
2022,2021-02-19,4
2022,2021-02-20,1
2022,2021-02-21,5
2022,2021-02-22,4
2022,2021-02-23,1
2022,2021-02-24,2
2022,2021-02-25,1
2022,2021-02-26,2
2022,2021-02-27,3
2022,2021-02-28,5
2022,2021-03-01,2
2022,2021-03-02,2
2022,2021-03-03,1
2022,2021-03-04,1
2022,2021-03-05,2
2022,2021-03-06,4
2022,2021-03-07,4
2022,2021-03-08,3
2022,2021-03-10,3
2022,2021-03-11,1
2022,2021-03-12,3
2022,2021-03-13,2
2022,2021-03-14,1
2022,2021-03-15,1
2022,2021-03-17,4
2022,2021-03-18,2
2022,2021-03-19,2
2022,2021-03-20,2
2022,2021-03-21,3
2022,2021-03-22,7
2022,2021-03-23,2
2022,2021-03-24,4
2022,2021-03-25,3
2022,2021-03-26,2
2022,2021-03-27,4
2022,2021-03-28,2
2022,2021-03-30,2
2022,2021-03-31,2
2022,2021-04-01,7
2022,2021-04-02,2
2022,2021-04-03,1
2022,2021-04-04,1
2022,2021-04-05,2
2022,2021-04-06,2
2022,2021-04-07,2
2022,2021-04-08,3
2022,2021-04-09,5
2022,2021-04-10,3
2022,2021-04-11,2
2022,2021-04-12,2
2022,2021-04-13,1
2022,2021-04-14,5
2022,2021-04-15,2
2022,2021-04-16,9
2022,2021-04-17,6
2022,2021-04-18,3
2022,2021-04-19,1
2022,2021-04-20,3
2022,2021-04-21,3
2022,2021-04-24,1
2022,2021-04-25,2
2022,2021-04-26,3
2022,2021-04-28,5
2022,2021-04-29,4
2022,2021-04-30,6
2022,2021-05-01,2
2022,2021-05-02,4
2022,2021-05-03,2
2022,2021-05-05,1
2022,2021-05-07,1
2022,2021-05-08,1
2022,2021-05-09,3
2022,2021-05-12,1
2022,2021-05-13,2
2022,2021-05-14,3
2022,2021-05-15,3
2022,2021-05-16,2
2022,2021-05-17,3
2022,2021-05-20,2
2022,2021-05-21,1
2022,2021-05-23,1
2022,2021-05-24,1
2022,2021-05-25,1
2022,2021-05-26,1
2022,2021-05-27,1
2022,2021-06-01,2
2022,2021-06-02,4
2022,2021-06-03,1
2022,2021-06-04,3
2022,2021-06-05,5
2022,2021-06-06,4
2022,2021-06-07,14
2022,2021-06-08,7
2022,2021-06-09,2
2022,2021-06-10,9
2022,2021-06-11,6
2022,2021-06-12,5
2022,2021-06-13,4
2022,2021-06-14,14
2022,2021-06-15,10
2022,2021-06-16,12
2022,2021-06-17,8
2022,2021-06-18,15
2022,2021-06-19,11
2022,2021-06-20,20
2022,2021-06-21,29
2022,2021-06-22,18
2022,2021-06-23,18
2022,2021-06-24,10
2022,2021-06-25,20
2022,2021-06-26,36
2022,2021-06-27,25
2022,2021-06-28,24
2022,2021-06-29,20
2022,2021-06-30,24
2022,2021-07-01,23
2022,2021-07-02,24
2022,2021-07-03,10
2022,2021-07-04,27
2022,2021-07-05,12
2022,2021-07-06,9
2022,2021-07-07,9
2022,2021-07-08,9
2022,2021-07-09,12
2022,2021-07-10,10
2022,2021-07-11,4
2022,2021-07-12,8
2022,2021-07-13,4
2022,2021-07-14,6
2022,2021-07-15,7
2022,2021-07-16,9
2022,2021-07-17,8
2022,2021-07-18,1
2022,2021-07-19,4
2022,2021-07-20,10
2022,2021-07-21,5
2022,2021-07-22,7
2022,2021-07-23,3
2022,2021-07-24,3
2022,2021-07-25,9
2022,2021-07-26,7
2022,2021-07-27,4
2022,2021-07-28,7
2022,2021-07-29,8
2022,2021-07-30,11
2022,2021-07-31,22
2022,2021-08-01,16
2022,2021-08-02,12
2022,2021-08-03,3
2022,2021-08-04,5
2022,2021-08-05,7
2022,2021-08-06,6
2022,2021-08-07,7
2022,2021-08-08,3
2022,2021-08-09,6
2022,2021-08-10,5
2022,2021-08-11,5
2022,2021-08-12,2
2022,2021-08-13,9
2022,2021-08-14,7
2022,2021-08-15,4
2022,2021-08-16,4
2022,2021-08-17,7
2022,2021-08-18,4
2022,2021-08-19,3
2022,2021-08-20,3
2022,2021-08-21,3
2022,2021-08-22,3
2022,2021-08-23,2
2022,2021-08-25,3
2022,2021-08-26,5
2022,2021-08-27,1
2022,2021-08-28,1
2022,2021-08-29,3
2022,2021-08-30,5
2022,2021-08-31,3
2022,2021-09-01,1
2022,2021-09-02,1
2022,2021-09-03,1
2022,2021-09-04,2
2022,2021-09-05,5
2022,2021-09-06,3
2022,2021-09-07,1
2022,2021-09-08,1
2022,2021-09-09,3
2022,2021-09-10,3
2022,2021-09-12,5
2022,2021-09-13,3
2022,2021-09-14,3
2022,2021-09-15,2
2022,2021-09-16,3
2022,2021-09-18,1
2022,2021-09-19,4
2022,2021-09-20,3
2022,2021-09-21,3
2022,2021-09-22,6
2022,2021-09-23,4
2022,2021-09-24,3
2022,2021-09-25,3
2022,2021-09-26,2
2022,2021-09-27,3
2022,2021-09-28,3
2022,2021-09-29,6
2022,2021-09-30,1
2022,2021-10-01,2
2022,2021-10-02,4
2022,2021-10-03,3
2022,2021-10-04,2
2022,2021-10-05,1
2022,2021-10-06,5
2022,2021-10-07,4
2022,2021-10-08,3
2022,2021-10-09,1
2022,2021-10-10,4
2022,2021-10-11,1
2022,2021-10-12,2
2022,2021-10-13,5
2022,2021-10-14,4
2022,2021-10-17,6
2022,2021-10-18,10
2022,2021-10-19,4
2022,2021-10-20,8
2022,2021-10-21,5
2022,2021-10-22,4
2022,2021-10-23,3
2022,2021-10-24,1
2022,2021-10-25,8
2022,2021-10-26,4
2022,2021-10-27,1
2022,2021-10-28,13
2022,2021-10-29,4
2022,2021-10-30,2
2022,2021-10-31,4
2022,2021-11-01,6
2022,2021-11-02,5
2022,2021-11-03,5
2022,2021-11-04,5
2022,2021-11-05,5
2022,2021-11-06,5
2022,2021-11-07,4
2022,2021-11-08,6
2022,2021-11-09,3
2022,2021-11-10,4
2022,2021-11-11,3
2022,2021-11-12,7
2022,2021-11-13,7
2022,2021-11-14,5
2022,2021-11-15,5
2022,2021-11-16,3
2022,2021-11-17,4
2022,2021-11-18,4
2022,2021-11-19,4
2022,2021-11-20,1
2022,2021-11-21,7
2022,2021-11-22,7
2022,2021-11-23,4
2022,2021-11-24,5
2022,2021-11-25,5
2022,2021-11-26,2
2022,2021-11-27,1
2022,2021-11-28,2
2022,2021-11-29,9
2022,2021-11-30,4
2022,2021-12-01,8
2022,2021-12-02,6
2022,2021-12-03,5
2022,2021-12-04,8
2022,2021-12-05,11
2022,2021-12-06,12
2022,2021-12-07,8
2022,2021-12-08,11
2022,2021-12-09,9
2022,2021-12-10,14
2022,2021-12-11,10
2022,2021-12-12,29
2022,2021-12-13,50
2022,2021-12-14,46
2022,2021-12-15,195
2022,2021-12-16,13
2022,2021-12-17,14
2022,2021-12-18,5
2022,2021-12-19,4
2022,2021-12-20,2
2022,2021-12-21,4
2022,2021-12-22,2
2022,2021-12-23,2
2022,2021-12-24,1
2022,2021-12-25,3
2022,2021-12-29,2
2022,2022-01-01,3
2022,2022-01-02,2
2022,2022-01-04,4
2022,2022-01-05,1
2022,2022-01-06,2
2022,2022-01-07,3
2022,2022-01-08,10
2022,2022-01-09,2
2022,2022-01-10,2
2022,2022-01-12,1
2022,2022-01-13,2
2022,2022-01-14,3
2022,2022-01-15,3
2022,2022-01-16,7
2022,2022-01-17,7
2022,2022-01-18,4
2022,2022-01-19,6
2022,2022-01-20,4
2022,2022-01-21,3
2022,2022-01-22,8
2022,2022-01-23,20
2022,2022-01-24,18
2022,2022-01-25,12
2022,2022-01-26,12
2022,2022-01-27,10
2022,2022-01-28,7
2022,2022-01-29,10
2022,2022-01-30,19
2022,2022-01-31,31
2022,2022-02-01,43
2022,2022-02-02,172
2022,2022-02-03,4
2022,2022-02-04,4
2022,2022-02-06,1
2022,2022-02-08,1
2022,2022-02-09,4
2022,2022-02-11,1
2022,2022-02-15,4
2022,2022-02-17,1
2022,2022-02-18,1
2022,2022-02-22,2
2022,2022-02-23,4
2022,2022-02-25,1
2022,2022-02-28,1
2022,2022-03-01,2
2022,2022-03-03,2
2022,2022-03-05,1
2022,2022-03-06,1
2022,2022-03-09,1
2022,2022-03-12,1
2022,2022-03-26,2
2022,2022-03-29,1
2022,2022-04-01,1
2022,2022-04-08,3
2022,2022-04-09,1
2022,2022-04-11,1
2022,2022-04-12,2
2022,2022-04-15,1
2022,2022-04-16,1
2022,2022-04-17,1
2022,2022-04-25,1
2022,2022-04-29,1
2022,2022-04-30,1
2022,2022-05-01,1
2022,2022-05-03,1
2022,2022-05-09,1
2022,2022-05-12,2
2022,2022-05-16,1
2022,2022-05-18,1
2022,2022-05-22,2
2022,2022-05-23,1
2022,2022-05-27,1
2022,2022-06-01,13
2022,2022-06-02,1
2022,2022-06-10,1
2022,2022-06-13,1
2022,2022-06-14,1
2022,2022-06-19,1
2022,2022-06-22,2
2022,2022-06-23,1
2022,2022-06-26,2
2022,2022-06-27,1
2022,2022-06-28,1
2022,2022-06-30,1
2022,2022-07-01,1
2022,2022-07-05,1
2022,2022-07-13,1
2022,2022-07-16,1
2022,2022-07-28,2
2022,2022-07-31,1
2022,2022-08-06,1
2022,2022-08-08,1
2022,2023-02-01,1
2022,2023-03-29,1
2022,2023-05-09,1
2022,2023-06-01,2
2022,2023-08-02,1
2022,2023-09-06,1
2022,2023-12-20,1
2022,2024-01-07,1
2022,2024-02-07,1
2022,2024-04-16,1
2022,2024-12-12,1
2022,2025-01-01,1
2022,2026-01-18,1
2023,2020-08-05,2
2023,2020-09-30,1
2023,2020-11-28,1
2023,2021-01-23,1
2023,2021-02-19,1
2023,2021-06-21,1
2023,2021-06-26,1
2023,2021-06-29,1
2023,2021-07-04,1
2023,2021-07-08,1
2023,2021-07-15,1
2023,2021-07-23,1
2023,2021-07-31,2
2023,2021-08-01,1
2023,2021-08-07,1
2023,2021-08-13,2
2023,2021-08-15,1
2023,2021-08-19,1
2023,2021-08-26,1
2023,2021-09-02,1
2023,2021-09-18,1
2023,2021-09-19,1
2023,2021-09-23,1
2023,2021-09-25,1
2023,2021-09-28,1
2023,2021-09-29,1
2023,2021-10-02,2
2023,2021-10-04,1
2023,2021-10-05,1
2023,2021-10-23,1
2023,2021-10-25,1
2023,2021-11-03,1
2023,2021-11-04,1
2023,2021-11-09,1
2023,2021-11-12,1
2023,2021-11-14,1
2023,2021-11-15,1
2023,2021-11-19,1
2023,2021-11-21,2
2023,2021-11-25,1
2023,2021-11-27,1
2023,2021-11-29,1
2023,2021-11-30,1
2023,2021-12-01,1
2023,2021-12-03,2
2023,2021-12-06,1
2023,2021-12-09,1
2023,2021-12-12,3
2023,2021-12-13,2
2023,2021-12-17,1
2023,2021-12-20,1
2023,2021-12-24,2
2023,2021-12-25,1
2023,2021-12-29,1
2023,2022-01-01,4
2023,2022-01-09,1
2023,2022-01-12,1
2023,2022-01-18,1
2023,2022-01-22,3
2023,2022-01-23,1
2023,2022-01-24,2
2023,2022-01-25,1
2023,2022-01-28,4
2023,2022-01-29,1
2023,2022-01-30,3
2023,2022-01-31,6
2023,2022-02-01,2
2023,2022-02-02,3
2023,2022-02-03,1
2023,2022-02-05,2
2023,2022-02-06,2
2023,2022-02-11,1
2023,2022-02-12,2
2023,2022-02-13,1
2023,2022-02-14,3
2023,2022-02-15,1
2023,2022-02-17,1
2023,2022-02-18,1
2023,2022-02-20,1
2023,2022-02-22,2
2023,2022-02-26,2
2023,2022-03-01,1
2023,2022-03-03,1
2023,2022-03-04,1
2023,2022-03-05,3
2023,2022-03-06,1
2023,2022-03-07,2
2023,2022-03-08,1
2023,2022-03-10,1
2023,2022-03-11,2
2023,2022-03-12,1
2023,2022-03-13,3
2023,2022-03-14,1
2023,2022-03-15,2
2023,2022-03-16,1
2023,2022-03-18,2
2023,2022-03-19,3
2023,2022-03-21,1
2023,2022-03-22,2
2023,2022-03-23,2
2023,2022-03-24,5
2023,2022-03-25,2
2023,2022-03-26,3
2023,2022-03-27,1
2023,2022-03-29,5
2023,2022-03-31,4
2023,2022-04-01,2
2023,2022-04-02,4
2023,2022-04-03,3
2023,2022-04-04,5
2023,2022-04-05,3
2023,2022-04-06,2
2023,2022-04-07,4
2023,2022-04-08,2
2023,2022-04-09,2
2023,2022-04-10,3
2023,2022-04-11,4
2023,2022-04-12,5
2023,2022-04-13,4
2023,2022-04-14,4
2023,2022-04-15,7
2023,2022-04-16,1
2023,2022-04-17,6
2023,2022-04-18,4
2023,2022-04-19,4
2023,2022-04-20,1
2023,2022-04-21,3
2023,2022-04-22,3
2023,2022-04-23,6
2023,2022-04-24,5
2023,2022-04-25,7
2023,2022-04-27,4
2023,2022-04-29,6
2023,2022-04-30,2
2023,2022-05-01,6
2023,2022-05-02,6
2023,2022-05-03,2
2023,2022-05-04,1
2023,2022-05-05,4
2023,2022-05-06,4
2023,2022-05-07,3
2023,2022-05-08,5
2023,2022-05-10,1
2023,2022-05-11,2
2023,2022-05-12,3
2023,2022-05-13,7
2023,2022-05-14,4
2023,2022-05-15,5
2023,2022-05-16,2
2023,2022-05-17,2
2023,2022-05-18,1
2023,2022-05-19,3
2023,2022-05-20,4
2023,2022-05-21,6
2023,2022-05-22,2
2023,2022-05-23,2
2023,2022-05-24,5
2023,2022-05-25,3
2023,2022-05-26,6
2023,2022-05-27,3
2023,2022-05-28,2
2023,2022-05-30,3
2023,2022-05-31,1
2023,2022-06-02,6
2023,2022-06-03,10
2023,2022-06-04,5
2023,2022-06-05,11
2023,2022-06-06,16
2023,2022-06-07,5
2023,2022-06-08,13
2023,2022-06-09,3
2023,2022-06-10,4
2023,2022-06-11,13
2023,2022-06-12,27
2023,2022-06-13,27
2023,2022-06-14,17
2023,2022-06-15,9
2023,2022-06-16,9
2023,2022-06-17,7
2023,2022-06-18,18
2023,2022-06-19,20
2023,2022-06-20,27
2023,2022-06-21,31
2023,2022-06-22,20
2023,2022-06-23,18
2023,2022-06-24,24
2023,2022-06-25,44
2023,2022-06-26,36
2023,2022-06-27,28
2023,2022-06-28,32
2023,2022-06-29,16
2023,2022-06-30,24
2023,2022-07-01,42
2023,2022-07-02,13
2023,2022-07-03,9
2023,2022-07-04,24
2023,2022-07-05,9
2023,2022-07-06,8
2023,2022-07-07,9
2023,2022-07-08,18
2023,2022-07-09,11
2023,2022-07-10,11
2023,2022-07-11,7
2023,2022-07-12,11
2023,2022-07-13,4
2023,2022-07-14,7
2023,2022-07-15,2
2023,2022-07-16,6
2023,2022-07-17,3
2023,2022-07-18,8
2023,2022-07-19,4
2023,2022-07-20,6
2023,2022-07-21,5
2023,2022-07-22,9
2023,2022-07-23,7
2023,2022-07-24,2
2023,2022-07-25,6
2023,2022-07-26,6
2023,2022-07-27,14
2023,2022-07-28,11
2023,2022-07-29,12
2023,2022-07-30,16
2023,2022-07-31,18
2023,2022-08-01,27
2023,2022-08-02,16
2023,2022-08-03,6
2023,2022-08-04,12
2023,2022-08-05,11
2023,2022-08-06,11
2023,2022-08-07,7
2023,2022-08-08,10
2023,2022-08-09,3
2023,2022-08-10,5
2023,2022-08-11,4
2023,2022-08-12,10
2023,2022-08-13,11
2023,2022-08-14,7
2023,2022-08-15,4
2023,2022-08-16,7
2023,2022-08-17,2
2023,2022-08-18,6
2023,2022-08-19,1
2023,2022-08-20,5
2023,2022-08-21,5
2023,2022-08-22,2
2023,2022-08-23,1
2023,2022-08-24,4
2023,2022-08-25,6
2023,2022-08-26,6
2023,2022-08-27,3
2023,2022-08-28,3
2023,2022-08-29,2
2023,2022-08-30,2
2023,2022-08-31,1
2023,2022-09-01,5
2023,2022-09-02,3
2023,2022-09-03,2
2023,2022-09-04,3
2023,2022-09-05,4
2023,2022-09-06,3
2023,2022-09-07,5
2023,2022-09-08,2
2023,2022-09-09,1
2023,2022-09-10,3
2023,2022-09-11,2
2023,2022-09-12,1
2023,2022-09-13,3
2023,2022-09-14,4
2023,2022-09-15,1
2023,2022-09-16,1
2023,2022-09-17,1
2023,2022-09-18,3
2023,2022-09-19,1
2023,2022-09-20,2
2023,2022-09-21,5
2023,2022-09-22,5
2023,2022-09-23,2
2023,2022-09-25,4
2023,2022-09-26,4
2023,2022-09-27,1
2023,2022-09-28,7
2023,2022-09-29,2
2023,2022-09-30,1
2023,2022-10-01,3
2023,2022-10-02,5
2023,2022-10-03,4
2023,2022-10-04,2
2023,2022-10-05,1
2023,2022-10-06,4
2023,2022-10-07,6
2023,2022-10-08,3
2023,2022-10-10,4
2023,2022-10-11,2
2023,2022-10-12,3
2023,2022-10-13,7
2023,2022-10-14,4
2023,2022-10-15,3
2023,2022-10-16,4
2023,2022-10-17,1
2023,2022-10-18,1
2023,2022-10-19,3
2023,2022-10-20,2
2023,2022-10-21,4
2023,2022-10-22,2
2023,2022-10-23,5
2023,2022-10-24,3
2023,2022-10-25,3
2023,2022-10-26,5
2023,2022-10-27,4
2023,2022-10-28,4
2023,2022-10-29,2
2023,2022-10-30,4
2023,2022-10-31,6
2023,2022-11-01,3
2023,2022-11-02,5
2023,2022-11-03,2
2023,2022-11-04,3
2023,2022-11-05,1
2023,2022-11-06,6
2023,2022-11-07,4
2023,2022-11-08,5
2023,2022-11-09,6
2023,2022-11-10,3
2023,2022-11-11,3
2023,2022-11-12,1
2023,2022-11-13,5
2023,2022-11-14,4
2023,2022-11-15,4
2023,2022-11-16,3
2023,2022-11-17,5
2023,2022-11-18,3
2023,2022-11-20,7
2023,2022-11-21,10
2023,2022-11-22,1
2023,2022-11-23,2
2023,2022-11-24,5
2023,2022-11-25,9
2023,2022-11-26,3
2023,2022-11-27,5
2023,2022-11-28,10
2023,2022-11-29,3
2023,2022-11-30,7
2023,2022-12-01,5
2023,2022-12-02,4
2023,2022-12-03,4
2023,2022-12-04,9
2023,2022-12-05,8
2023,2022-12-06,12
2023,2022-12-07,8
2023,2022-12-08,2
2023,2022-12-09,6
2023,2022-12-10,9
2023,2022-12-11,26
2023,2022-12-12,26
2023,2022-12-13,27
2023,2022-12-14,15
2023,2022-12-15,13
2023,2022-12-16,18
2023,2022-12-17,13
2023,2022-12-18,36
2023,2022-12-19,53
2023,2022-12-20,46
2023,2022-12-21,195
2023,2022-12-22,11
2023,2022-12-23,5
2023,2022-12-24,3
2023,2022-12-25,2
2023,2022-12-26,1
2023,2022-12-27,1
2023,2022-12-28,1
2023,2022-12-29,1
2023,2022-12-31,2
2023,2023-01-01,2
2023,2023-01-02,1
2023,2023-01-03,5
2023,2023-01-04,1
2023,2023-01-07,9
2023,2023-01-08,2
2023,2023-01-09,3
2023,2023-01-10,4
2023,2023-01-11,2
2023,2023-01-13,2
2023,2023-01-14,5
2023,2023-01-15,13
2023,2023-01-16,7
2023,2023-01-17,2
2023,2023-01-18,4
2023,2023-01-19,7
2023,2023-01-20,4
2023,2023-01-21,4
2023,2023-01-22,15
2023,2023-01-23,9
2023,2023-01-24,11
2023,2023-01-25,8
2023,2023-01-26,8
2023,2023-01-27,9
2023,2023-01-28,6
2023,2023-01-29,19
2023,2023-01-30,32
2023,2023-01-31,25
2023,2023-02-01,118
2023,2023-02-02,6
2023,2023-02-03,1
2023,2023-02-04,1
2023,2023-02-05,2
2023,2023-02-06,3
2023,2023-02-07,1
2023,2023-02-09,1
2023,2023-02-10,2
2023,2023-02-14,1
2023,2023-02-15,1
2023,2023-02-16,1
2023,2023-02-19,2
2023,2023-02-20,1
2023,2023-02-22,3
2023,2023-02-23,1
2023,2023-02-24,1
2023,2023-02-26,1
2023,2023-03-01,1
2023,2023-03-02,1
2023,2023-03-10,1
2023,2023-03-11,1
2023,2023-03-12,1
2023,2023-03-13,1
2023,2023-03-19,1
2023,2023-03-20,2
2023,2023-03-21,1
2023,2023-03-23,1
2023,2023-03-24,2
2023,2023-03-25,1
2023,2023-03-26,1
2023,2023-03-30,1
2023,2023-04-04,1
2023,2023-04-15,1
2023,2023-04-20,2
2023,2023-04-21,1
2023,2023-04-29,1
2023,2023-05-01,1
2023,2023-05-04,1
2023,2023-05-07,1
2023,2023-05-17,1
2023,2023-05-18,1
2023,2023-05-26,1
2023,2023-05-30,1
2023,2023-05-31,1
2023,2023-06-01,14
2023,2023-06-05,3
2023,2023-06-06,1
2023,2023-06-17,1
2023,2023-06-25,1
2023,2023-06-26,1
2023,2023-06-30,5
2023,2023-07-01,5
2023,2023-07-05,1
2023,2023-07-17,2
2023,2023-07-25,1
2023,2023-07-31,1
2023,2023-08-14,1
2023,2023-09-06,2
2023,2023-10-02,1
2023,2023-12-13,1
2023,2023-12-20,1
2023,2024-04-21,1
2023,2024-07-03,1
2023,2024-12-04,1
2023,2025-01-02,1
2023,2025-01-07,1
2023,2025-01-15,1
2023,2025-05-19,1
2023,2025-06-01,2
2023,2025-08-01,1
2023,2026-01-02,1
2024,2021-02-25,1
2024,2021-06-12,1
2024,2021-06-19,1
2024,2021-07-26,1
2024,2022-01-29,2
2024,2022-02-04,1
2024,2022-03-26,1
2024,2022-04-08,1
2024,2022-04-10,1
2024,2022-04-18,1
2024,2022-04-20,1
2024,2022-04-23,1
2024,2022-05-07,1
2024,2022-06-09,1
2024,2022-06-17,1
2024,2022-06-18,1
2024,2022-06-19,1
2024,2022-06-24,1
2024,2022-06-26,1
2024,2022-06-27,1
2024,2022-06-29,1
2024,2022-07-02,1
2024,2022-07-16,1
2024,2022-07-23,1
2024,2022-07-26,1
2024,2022-07-29,1
2024,2022-07-30,2
2024,2022-07-31,2
2024,2022-08-01,1
2024,2022-08-07,1
2024,2022-08-14,1
2024,2022-09-11,1
2024,2022-09-14,1
2024,2022-09-25,1
2024,2022-10-10,1
2024,2022-10-16,1
2024,2022-10-20,1
2024,2022-10-21,1
2024,2022-10-24,2
2024,2022-11-02,1
2024,2022-11-04,2
2024,2022-11-05,1
2024,2022-11-06,2
2024,2022-11-08,1
2024,2022-11-09,1
2024,2022-11-13,2
2024,2022-11-19,1
2024,2022-11-20,1
2024,2022-11-21,2
2024,2022-11-22,1
2024,2022-11-27,2
2024,2022-11-28,2
2024,2022-11-29,1
2024,2022-12-01,1
2024,2022-12-05,1
2024,2022-12-07,1
2024,2022-12-08,1
2024,2022-12-09,1
2024,2022-12-12,1
2024,2022-12-14,3
2024,2022-12-16,1
2024,2022-12-21,1
2024,2022-12-24,1
2024,2022-12-27,1
2024,2022-12-28,1
2024,2023-01-02,1
2024,2023-01-11,1
2024,2023-01-12,1
2024,2023-01-13,1
2024,2023-01-15,1
2024,2023-01-17,3
2024,2023-01-19,1
2024,2023-01-21,1
2024,2023-01-22,2
2024,2023-01-23,1
2024,2023-01-24,2
2024,2023-01-25,1
2024,2023-01-26,2
2024,2023-01-27,4
2024,2023-01-28,3
2024,2023-01-29,4
2024,2023-01-30,3
2024,2023-01-31,2
2024,2023-02-01,1
2024,2023-02-02,3
2024,2023-02-03,2
2024,2023-02-04,1
2024,2023-02-05,2
2024,2023-02-06,1
2024,2023-02-07,1
2024,2023-02-09,3
2024,2023-02-10,2
2024,2023-02-11,1
2024,2023-02-14,1
2024,2023-02-18,2
2024,2023-02-20,1
2024,2023-02-21,1
2024,2023-02-25,1
2024,2023-02-26,1
2024,2023-02-27,1
2024,2023-02-28,1
2024,2023-03-01,1
2024,2023-03-03,2
2024,2023-03-04,2
2024,2023-03-05,6
2024,2023-03-06,4
2024,2023-03-10,1
2024,2023-03-11,5
2024,2023-03-12,2
2024,2023-03-13,2
2024,2023-03-14,1
2024,2023-03-15,1
2024,2023-03-16,3
2024,2023-03-17,2
2024,2023-03-18,2
2024,2023-03-19,3
2024,2023-03-20,2
2024,2023-03-21,2
2024,2023-03-22,8
2024,2023-03-23,1
2024,2023-03-24,2
2024,2023-03-25,7
2024,2023-03-26,4
2024,2023-03-27,8
2024,2023-03-28,1
2024,2023-03-29,2
2024,2023-03-30,3
2024,2023-03-31,4
2024,2023-04-01,6
2024,2023-04-02,7
2024,2023-04-03,4
2024,2023-04-04,5
2024,2023-04-05,4
2024,2023-04-06,2
2024,2023-04-07,7
2024,2023-04-08,8
2024,2023-04-09,6
2024,2023-04-10,7
2024,2023-04-11,8
2024,2023-04-12,6
2024,2023-04-13,4
2024,2023-04-14,6
2024,2023-04-15,9
2024,2023-04-16,14
2024,2023-04-17,7
2024,2023-04-18,4
2024,2023-04-19,6
2024,2023-04-20,5
2024,2023-04-21,10
2024,2023-04-22,8
2024,2023-04-23,5
2024,2023-04-24,5
2024,2023-04-25,7
2024,2023-04-26,2
2024,2023-04-27,2
2024,2023-04-28,5
2024,2023-04-29,3
2024,2023-04-30,2
2024,2023-05-01,9
2024,2023-05-02,4
2024,2023-05-03,2
2024,2023-05-04,4
2024,2023-05-05,5
2024,2023-05-06,2
2024,2023-05-07,4
2024,2023-05-08,5
2024,2023-05-09,3
2024,2023-05-11,2
2024,2023-05-12,7
2024,2023-05-13,2
2024,2023-05-14,3
2024,2023-05-15,2
2024,2023-05-16,1
2024,2023-05-17,3
2024,2023-05-18,4
2024,2023-05-19,3
2024,2023-05-20,4
2024,2023-05-21,7
2024,2023-05-22,5
2024,2023-05-23,2
2024,2023-05-24,5
2024,2023-05-25,8
2024,2023-05-27,3
2024,2023-05-28,1
2024,2023-05-29,1
2024,2023-05-31,1
2024,2023-06-01,1
2024,2023-06-02,5
2024,2023-06-03,5
2024,2023-06-04,16
2024,2023-06-05,15
2024,2023-06-06,17
2024,2023-06-07,14
2024,2023-06-08,3
2024,2023-06-09,8
2024,2023-06-10,13
2024,2023-06-11,35
2024,2023-06-12,41
2024,2023-06-13,27
2024,2023-06-14,25
2024,2023-06-15,14
2024,2023-06-16,20
2024,2023-06-17,28
2024,2023-06-18,37
2024,2023-06-19,28
2024,2023-06-20,23
2024,2023-06-21,32
2024,2023-06-22,26
2024,2023-06-23,26
2024,2023-06-24,30
2024,2023-06-25,55
2024,2023-06-26,58
2024,2023-06-27,35
2024,2023-06-28,33
2024,2023-06-29,26
2024,2023-06-30,29
2024,2023-07-01,33
2024,2023-07-02,17
2024,2023-07-03,12
2024,2023-07-04,27
2024,2023-07-05,13
2024,2023-07-06,9
2024,2023-07-07,14
2024,2023-07-08,14
2024,2023-07-09,6
2024,2023-07-10,7
2024,2023-07-11,5
2024,2023-07-12,9
2024,2023-07-13,6
2024,2023-07-14,14
2024,2023-07-15,14
2024,2023-07-16,4
2024,2023-07-17,7
2024,2023-07-18,4
2024,2023-07-19,6
2024,2023-07-20,6
2024,2023-07-21,9
2024,2023-07-22,8
2024,2023-07-23,4
2024,2023-07-24,5
2024,2023-07-25,4
2024,2023-07-26,5
2024,2023-07-27,7
2024,2023-07-28,10
2024,2023-07-29,17
2024,2023-07-30,23
2024,2023-07-31,26
2024,2023-08-01,14
2024,2023-08-02,12
2024,2023-08-03,5
2024,2023-08-04,14
2024,2023-08-05,7
2024,2023-08-06,6
2024,2023-08-07,9
2024,2023-08-08,10
2024,2023-08-09,6
2024,2023-08-10,7
2024,2023-08-11,6
2024,2023-08-12,10
2024,2023-08-13,3
2024,2023-08-14,3
2024,2023-08-15,5
2024,2023-08-16,1
2024,2023-08-17,1
2024,2023-08-18,5
2024,2023-08-19,3
2024,2023-08-20,4
2024,2023-08-21,1
2024,2023-08-22,3
2024,2023-08-23,1
2024,2023-08-24,2
2024,2023-08-25,4
2024,2023-08-26,3
2024,2023-08-28,1
2024,2023-08-29,2
2024,2023-08-30,2
2024,2023-08-31,2
2024,2023-09-01,1
2024,2023-09-02,1
2024,2023-09-03,2
2024,2023-09-04,3
2024,2023-09-05,2
2024,2023-09-06,2
2024,2023-09-07,2
2024,2023-09-08,3
2024,2023-09-09,1
2024,2023-09-10,5
2024,2023-09-11,1
2024,2023-09-12,1
2024,2023-09-13,2
2024,2023-09-14,2
2024,2023-09-15,3
2024,2023-09-16,2
2024,2023-09-17,1
2024,2023-09-18,3
2024,2023-09-19,8
2024,2023-09-20,5
2024,2023-09-21,2
2024,2023-09-22,1
2024,2023-09-23,4
2024,2023-09-24,7
2024,2023-09-25,4
2024,2023-09-26,2
2024,2023-09-27,3
2024,2023-09-28,1
2024,2023-09-29,1
2024,2023-09-30,1
2024,2023-10-01,1
2024,2023-10-02,4
2024,2023-10-03,4
2024,2023-10-04,6
2024,2023-10-05,3
2024,2023-10-06,4
2024,2023-10-07,2
2024,2023-10-08,3
2024,2023-10-09,1
2024,2023-10-10,2
2024,2023-10-11,6
2024,2023-10-12,2
2024,2023-10-13,2
2024,2023-10-14,4
2024,2023-10-15,6
2024,2023-10-16,6
2024,2023-10-17,5
2024,2023-10-18,9
2024,2023-10-19,7
2024,2023-10-20,7
2024,2023-10-21,4
2024,2023-10-22,3
2024,2023-10-23,11
2024,2023-10-24,1
2024,2023-10-25,3
2024,2023-10-26,4
2024,2023-10-27,1
2024,2023-10-28,2
2024,2023-10-29,8
2024,2023-10-30,8
2024,2023-10-31,1
2024,2023-11-01,2
2024,2023-11-02,8
2024,2023-11-03,1
2024,2023-11-04,6
2024,2023-11-05,4
2024,2023-11-06,1
2024,2023-11-07,2
2024,2023-11-08,2
2024,2023-11-09,2
2024,2023-11-10,6
2024,2023-11-11,4
2024,2023-11-12,6
2024,2023-11-13,4
2024,2023-11-14,1
2024,2023-11-15,5
2024,2023-11-16,4
2024,2023-11-17,3
2024,2023-11-19,7
2024,2023-11-20,5
2024,2023-11-21,6
2024,2023-11-22,3
2024,2023-11-23,5
2024,2023-11-25,3
2024,2023-11-26,1
2024,2023-11-27,5
2024,2023-11-28,8
2024,2023-11-29,5
2024,2023-11-30,4
2024,2023-12-01,7
2024,2023-12-02,3
2024,2023-12-03,9
2024,2023-12-04,5
2024,2023-12-05,4
2024,2023-12-06,5
2024,2023-12-07,9
2024,2023-12-08,9
2024,2023-12-09,8
2024,2023-12-10,24
2024,2023-12-11,20
2024,2023-12-12,13
2024,2023-12-13,16
2024,2023-12-14,11
2024,2023-12-15,15
2024,2023-12-16,13
2024,2023-12-17,42
2024,2023-12-18,52
2024,2023-12-19,40
2024,2023-12-20,248
2024,2023-12-21,4
2024,2023-12-22,8
2024,2023-12-23,1
2024,2023-12-24,1
2024,2023-12-25,1
2024,2023-12-26,2
2024,2023-12-27,1
2024,2023-12-31,1
2024,2024-01-02,1
2024,2024-01-03,1
2024,2024-01-04,2
2024,2024-01-06,5
2024,2024-01-08,1
2024,2024-01-10,2
2024,2024-01-11,2
2024,2024-01-13,4
2024,2024-01-14,3
2024,2024-01-15,4
2024,2024-01-16,5
2024,2024-01-17,3
2024,2024-01-18,5
2024,2024-01-19,5
2024,2024-01-20,3
2024,2024-01-21,11
2024,2024-01-22,9
2024,2024-01-23,3
2024,2024-01-24,8
2024,2024-01-25,2
2024,2024-01-26,3
2024,2024-01-27,5
2024,2024-01-28,11
2024,2024-01-29,12
2024,2024-01-30,5
2024,2024-01-31,10
2024,2024-02-01,7
2024,2024-02-02,7
2024,2024-02-03,8
2024,2024-02-04,14
2024,2024-02-05,19
2024,2024-02-06,24
2024,2024-02-07,152
2024,2024-02-08,4
2024,2024-02-09,2
2024,2024-02-10,2
2024,2024-02-12,1
2024,2024-02-14,1
2024,2024-02-19,2
2024,2024-02-20,3
2024,2024-02-23,1
2024,2024-02-24,2
2024,2024-02-25,1
2024,2024-02-26,1
2024,2024-02-27,3
2024,2024-03-09,1
2024,2024-03-11,1
2024,2024-03-22,1
2024,2024-03-27,1
2024,2024-03-29,1
2024,2024-03-30,1
2024,2024-04-04,1
2024,2024-04-05,1
2024,2024-04-09,1
2024,2024-04-11,1
2024,2024-04-17,1
2024,2024-04-25,1
2024,2024-04-28,1
2024,2024-04-29,1
2024,2024-05-06,1
2024,2024-05-20,1
2024,2024-05-22,2
2024,2024-05-24,1
2024,2024-05-25,1
2024,2024-05-30,1
2024,2024-06-01,9
2024,2024-06-03,1
2024,2024-06-06,1
2024,2024-06-10,1
2024,2024-06-16,1
2024,2024-06-17,1
2024,2024-06-24,2
2024,2024-06-30,1
2024,2024-07-01,2
2024,2024-07-08,1
2024,2024-07-09,1
2024,2024-07-23,1
2024,2024-08-01,1
2024,2024-08-05,1
2024,2024-08-07,2
2024,2024-08-17,1
2024,2024-12-04,1
2024,2024-12-31,1
2024,2025-02-25,1
2024,2025-05-12,1
2024,2025-12-09,1
2024,2025-12-27,1
2024,2026-01-23,1
2025,2022-07-08,1
2025,2022-12-20,1
2025,2023-02-01,1
2025,2023-04-08,1
2025,2023-04-14,1
2025,2023-04-15,1
2025,2023-04-20,1
2025,2023-04-21,1
2025,2023-06-03,1
2025,2023-06-09,1
2025,2023-06-14,1
2025,2023-06-20,1
2025,2023-06-21,1
2025,2023-06-23,1
2025,2023-06-24,2
2025,2023-06-27,2
2025,2023-07-01,1
2025,2023-07-27,2
2025,2023-07-30,1
2025,2023-07-31,1
2025,2023-08-01,2
2025,2023-08-02,1
2025,2023-08-04,2
2025,2023-08-05,1
2025,2023-08-11,1
2025,2023-08-12,1
2025,2023-08-21,1
2025,2023-08-27,1
2025,2023-08-31,1
2025,2023-09-02,1
2025,2023-09-04,1
2025,2023-09-08,1
2025,2023-09-16,1
2025,2023-09-17,3
2025,2023-09-19,1
2025,2023-09-22,1
2025,2023-09-24,1
2025,2023-09-25,1
2025,2023-09-26,1
2025,2023-09-28,1
2025,2023-10-02,1
2025,2023-10-12,2
2025,2023-10-13,1
2025,2023-10-14,1
2025,2023-10-15,1
2025,2023-10-16,1
2025,2023-10-21,1
2025,2023-10-22,1
2025,2023-10-25,2
2025,2023-10-26,1
2025,2023-10-27,1
2025,2023-11-01,1
2025,2023-11-02,2
2025,2023-11-03,1
2025,2023-11-04,1
2025,2023-11-07,2
2025,2023-11-10,3
2025,2023-11-11,1
2025,2023-11-12,2
2025,2023-11-14,1
2025,2023-11-15,1
2025,2023-11-18,3
2025,2023-11-19,2
2025,2023-11-20,1
2025,2023-11-21,1
2025,2023-11-24,1
2025,2023-11-26,1
2025,2023-11-28,1
2025,2023-11-30,3
2025,2023-12-02,2
2025,2023-12-03,3
2025,2023-12-11,1
2025,2023-12-15,1
2025,2023-12-16,1
2025,2023-12-18,1
2025,2023-12-21,2
2025,2023-12-25,2
2025,2024-01-01,1
2025,2024-01-03,1
2025,2024-01-04,1
2025,2024-01-06,2
2025,2024-01-07,2
2025,2024-01-08,1
2025,2024-01-11,1
2025,2024-01-13,1
2025,2024-01-15,3
2025,2024-01-17,1
2025,2024-01-18,1
2025,2024-01-19,2
2025,2024-01-20,2
2025,2024-01-21,2
2025,2024-01-22,3
2025,2024-01-23,3
2025,2024-01-24,1
2025,2024-01-26,2
2025,2024-01-27,3
2025,2024-01-28,2
2025,2024-01-29,4
2025,2024-01-31,3
2025,2024-02-01,1
2025,2024-02-03,4
2025,2024-02-04,6
2025,2024-02-05,6
2025,2024-02-06,2
2025,2024-02-07,1
2025,2024-02-08,2
2025,2024-02-09,5
2025,2024-02-10,4
2025,2024-02-11,1
2025,2024-02-12,1
2025,2024-02-13,1
2025,2024-02-16,1
2025,2024-02-19,4
2025,2024-02-20,2
2025,2024-02-22,1
2025,2024-02-23,2
2025,2024-02-25,1
2025,2024-02-26,1
2025,2024-02-27,1
2025,2024-02-28,1
2025,2024-03-04,2
2025,2024-03-05,1
2025,2024-03-07,1
2025,2024-03-08,1
2025,2024-03-09,3
2025,2024-03-10,1
2025,2024-03-11,3
2025,2024-03-12,2
2025,2024-03-13,1
2025,2024-03-14,1
2025,2024-03-15,3
2025,2024-03-16,3
2025,2024-03-17,3
2025,2024-03-18,1
2025,2024-03-19,1
2025,2024-03-20,1
2025,2024-03-21,2
2025,2024-03-22,3
2025,2024-03-23,8
2025,2024-03-24,5
2025,2024-03-25,4
2025,2024-03-26,1
2025,2024-03-28,3
2025,2024-03-29,2
2025,2024-03-30,5
2025,2024-03-31,6
2025,2024-04-01,6
2025,2024-04-02,3
2025,2024-04-03,3
2025,2024-04-04,3
2025,2024-04-05,4
2025,2024-04-06,5
2025,2024-04-07,8
2025,2024-04-08,2
2025,2024-04-09,4
2025,2024-04-10,8
2025,2024-04-11,1
2025,2024-04-12,5
2025,2024-04-13,14
2025,2024-04-14,4
2025,2024-04-15,8
2025,2024-04-16,7
2025,2024-04-17,5
2025,2024-04-18,6
2025,2024-04-19,8
2025,2024-04-20,4
2025,2024-04-21,8
2025,2024-04-22,12
2025,2024-04-23,1
2025,2024-04-24,3
2025,2024-04-25,8
2025,2024-04-26,3
2025,2024-04-27,10
2025,2024-04-28,5
2025,2024-04-29,5
2025,2024-04-30,4
2025,2024-05-01,4
2025,2024-05-02,9
2025,2024-05-03,7
2025,2024-05-04,1
2025,2024-05-06,4
2025,2024-05-07,3
2025,2024-05-08,4
2025,2024-05-09,4
2025,2024-05-10,12
2025,2024-05-11,5
2025,2024-05-12,4
2025,2024-05-13,6
2025,2024-05-14,3
2025,2024-05-15,6
2025,2024-05-16,2
2025,2024-05-17,4
2025,2024-05-18,4
2025,2024-05-19,4
2025,2024-05-20,6
2025,2024-05-21,3
2025,2024-05-22,8
2025,2024-05-23,3
2025,2024-05-24,6
2025,2024-05-25,4
2025,2024-05-28,3
2025,2024-05-29,4
2025,2024-05-30,2
2025,2024-05-31,6
2025,2024-06-01,9
2025,2024-06-02,15
2025,2024-06-03,6
2025,2024-06-04,13
2025,2024-06-05,9
2025,2024-06-06,11
2025,2024-06-07,10
2025,2024-06-08,13
2025,2024-06-09,44
2025,2024-06-10,33
2025,2024-06-11,23
2025,2024-06-12,19
2025,2024-06-13,16
2025,2024-06-14,17
2025,2024-06-15,24
2025,2024-06-16,45
2025,2024-06-17,24
2025,2024-06-18,25
2025,2024-06-19,33
2025,2024-06-20,25
2025,2024-06-21,29
2025,2024-06-22,50
2025,2024-06-23,61
2025,2024-06-24,67
2025,2024-06-25,43
2025,2024-06-26,37
2025,2024-06-27,40
2025,2024-06-28,39
2025,2024-06-29,20
2025,2024-06-30,14
2025,2024-07-01,23
2025,2024-07-02,17
2025,2024-07-03,12
2025,2024-07-04,36
2025,2024-07-05,20
2025,2024-07-06,15
2025,2024-07-07,9
2025,2024-07-08,9
2025,2024-07-09,10
2025,2024-07-10,10
2025,2024-07-11,10
2025,2024-07-12,11
2025,2024-07-13,11
2025,2024-07-14,4
2025,2024-07-15,9
2025,2024-07-16,6
2025,2024-07-17,3
2025,2024-07-18,12
2025,2024-07-19,10
2025,2024-07-20,6
2025,2024-07-21,4
2025,2024-07-22,10
2025,2024-07-23,9
2025,2024-07-24,3
2025,2024-07-25,3
2025,2024-07-26,12
2025,2024-07-27,16
2025,2024-07-28,16
2025,2024-07-29,17
2025,2024-07-30,11
2025,2024-07-31,15
2025,2024-08-01,16
2025,2024-08-02,14
2025,2024-08-03,11
2025,2024-08-04,4
2025,2024-08-05,4
2025,2024-08-06,6
2025,2024-08-07,5
2025,2024-08-08,6
2025,2024-08-09,3
2025,2024-08-10,12
2025,2024-08-11,6
2025,2024-08-12,5
2025,2024-08-13,4
2025,2024-08-14,2
2025,2024-08-15,5
2025,2024-08-16,6
2025,2024-08-17,7
2025,2024-08-18,2
2025,2024-08-19,3
2025,2024-08-20,5
2025,2024-08-21,4
2025,2024-08-23,6
2025,2024-08-24,4
2025,2024-08-25,4
2025,2024-08-26,4
2025,2024-08-27,3
2025,2024-08-30,4
2025,2024-08-31,1
2025,2024-09-01,3
2025,2024-09-02,3
2025,2024-09-03,3
2025,2024-09-05,1
2025,2024-09-06,1
2025,2024-09-07,3
2025,2024-09-08,1
2025,2024-09-09,2
2025,2024-09-10,2
2025,2024-09-11,4
2025,2024-09-12,2
2025,2024-09-13,3
2025,2024-09-14,5
2025,2024-09-15,1
2025,2024-09-16,3
2025,2024-09-17,4
2025,2024-09-18,2
2025,2024-09-20,2
2025,2024-09-21,1
2025,2024-09-22,2
2025,2024-09-23,5
2025,2024-09-24,2
2025,2024-09-25,3
2025,2024-09-26,3
2025,2024-09-27,2
2025,2024-09-29,2
2025,2024-09-30,4
2025,2024-10-01,6
2025,2024-10-02,2
2025,2024-10-03,2
2025,2024-10-04,2
2025,2024-10-05,2
2025,2024-10-06,3
2025,2024-10-07,4
2025,2024-10-08,5
2025,2024-10-09,5
2025,2024-10-10,3
2025,2024-10-11,2
2025,2024-10-12,3
2025,2024-10-13,2
2025,2024-10-14,5
2025,2024-10-15,3
2025,2024-10-16,1
2025,2024-10-17,1
2025,2024-10-18,6
2025,2024-10-19,2
2025,2024-10-20,5
2025,2024-10-21,4
2025,2024-10-22,4
2025,2024-10-23,5
2025,2024-10-24,1
2025,2024-10-25,3
2025,2024-10-26,4
2025,2024-10-27,1
2025,2024-10-28,9
2025,2024-10-30,3
2025,2024-10-31,5
2025,2024-11-01,5
2025,2024-11-02,8
2025,2024-11-03,3
2025,2024-11-04,9
2025,2024-11-05,4
2025,2024-11-06,5
2025,2024-11-07,4
2025,2024-11-08,5
2025,2024-11-09,2
2025,2024-11-10,13
2025,2024-11-11,13
2025,2024-11-12,4
2025,2024-11-13,7
2025,2024-11-14,9
2025,2024-11-15,6
2025,2024-11-16,7
2025,2024-11-17,8
2025,2024-11-18,9
2025,2024-11-19,6
2025,2024-11-20,11
2025,2024-11-21,6
2025,2024-11-22,4
2025,2024-11-23,4
2025,2024-11-24,12
2025,2024-11-25,18
2025,2024-11-26,14
2025,2024-11-27,11
2025,2024-11-28,14
2025,2024-11-29,5
2025,2024-11-30,5
2025,2024-12-01,18
2025,2024-12-02,29
2025,2024-12-03,31
2025,2024-12-04,268
2025,2024-12-05,14
2025,2024-12-06,10
2025,2024-12-07,4
2025,2024-12-08,3
2025,2024-12-09,4
2025,2024-12-10,3
2025,2024-12-11,5
2025,2024-12-12,4
2025,2024-12-13,7
2025,2024-12-14,2
2025,2024-12-15,1
2025,2024-12-16,7
2025,2024-12-17,3
2025,2024-12-18,6
2025,2024-12-19,5
2025,2024-12-20,3
2025,2024-12-21,4
2025,2024-12-22,7
2025,2024-12-23,8
2025,2024-12-24,5
2025,2024-12-25,2
2025,2024-12-26,4
2025,2024-12-27,2
2025,2024-12-28,2
2025,2024-12-29,2
2025,2024-12-30,3
2025,2024-12-31,2
2025,2025-01-01,2
2025,2025-01-02,2
2025,2025-01-03,3
2025,2025-01-04,2
2025,2025-01-05,3
2025,2025-01-06,3
2025,2025-01-07,6
2025,2025-01-08,4
2025,2025-01-09,1
2025,2025-01-10,10
2025,2025-01-11,8
2025,2025-01-12,4
2025,2025-01-13,7
2025,2025-01-14,3
2025,2025-01-15,3
2025,2025-01-16,2
2025,2025-01-17,2
2025,2025-01-18,5
2025,2025-01-19,9
2025,2025-01-20,11
2025,2025-01-21,12
2025,2025-01-22,14
2025,2025-01-23,8
2025,2025-01-24,13
2025,2025-01-25,5
2025,2025-01-26,19
2025,2025-01-27,16
2025,2025-01-28,12
2025,2025-01-29,4
2025,2025-01-30,7
2025,2025-01-31,15
2025,2025-02-01,10
2025,2025-02-02,17
2025,2025-02-03,25
2025,2025-02-04,29
2025,2025-02-05,161
2025,2025-02-06,6
2025,2025-02-07,2
2025,2025-02-08,1
2025,2025-02-10,2
2025,2025-02-11,2
2025,2025-02-12,3
2025,2025-02-13,1
2025,2025-02-14,1
2025,2025-02-20,1
2025,2025-02-21,1
2025,2025-02-24,1
2025,2025-02-28,2
2025,2025-03-04,1
2025,2025-03-08,1
2025,2025-03-10,1
2025,2025-03-11,2
2025,2025-03-17,1
2025,2025-03-31,3
2025,2025-04-01,1
2025,2025-04-02,1
2025,2025-04-12,2
2025,2025-04-15,1
2025,2025-04-16,1
2025,2025-04-19,1
2025,2025-04-22,1
2025,2025-04-25,1
2025,2025-05-01,1
2025,2025-05-02,1
2025,2025-05-08,2
2025,2025-05-14,1
2025,2025-05-18,1
2025,2025-05-21,1
2025,2025-05-22,2
2025,2025-05-27,1
2025,2025-05-29,1
2025,2025-05-30,1
2025,2025-06-01,4
2025,2025-06-04,1
2025,2025-06-07,3
2025,2025-06-10,2
2025,2025-06-19,1
2025,2025-06-20,1
2025,2025-06-22,1
2025,2025-06-23,1
2025,2025-06-25,1
2025,2025-06-26,2
2025,2025-06-30,2
2025,2025-07-27,1
2025,2025-08-18,1
2025,2025-12-03,1
2025,2026-01-05,1
2026,2023-07-28,1
2026,2023-08-24,1
2026,2023-09-02,1
2026,2023-09-23,1
2026,2023-10-10,1
2026,2023-10-29,1
2026,2023-11-05,1
2026,2023-11-21,1
2026,2023-12-12,1
2026,2024-01-28,2
2026,2024-03-03,1
2026,2024-04-04,1
2026,2024-04-08,1
2026,2024-04-16,1
2026,2024-04-22,1
2026,2024-05-27,1
2026,2024-06-01,2
2026,2024-06-15,1
2026,2024-06-16,1
2026,2024-06-17,1
2026,2024-06-18,1
2026,2024-06-21,1
2026,2024-06-24,2
2026,2024-06-25,1
2026,2024-07-03,1
2026,2024-07-07,1
2026,2024-07-25,2
2026,2024-07-27,2
2026,2024-07-28,2
2026,2024-07-29,1
2026,2024-07-31,1
2026,2024-08-02,1
2026,2024-08-03,3
2026,2024-08-05,1
2026,2024-08-06,1
2026,2024-08-08,1
2026,2024-08-10,1
2026,2024-08-17,1
2026,2024-08-20,1
2026,2024-08-21,1
2026,2024-09-05,1
2026,2024-09-16,1
2026,2024-09-19,1
2026,2024-09-22,1
2026,2024-09-28,1
2026,2024-10-03,1
2026,2024-10-13,1
2026,2024-10-14,1
2026,2024-10-17,2
2026,2024-10-27,3
2026,2024-10-29,1
2026,2024-10-31,1
2026,2024-11-03,1
2026,2024-11-06,1
2026,2024-11-10,1
2026,2024-11-11,3
2026,2024-11-12,1
2026,2024-11-16,1
2026,2024-11-17,1
2026,2024-11-19,1
2026,2024-11-21,1
2026,2024-11-23,1
2026,2024-11-24,2
2026,2024-11-25,3
2026,2024-11-27,1
2026,2024-11-28,1
2026,2024-11-30,3
2026,2024-12-01,2
2026,2024-12-02,2
2026,2024-12-04,1
2026,2024-12-05,1
2026,2024-12-07,2
2026,2024-12-10,3
2026,2024-12-21,1
2026,2024-12-24,2
2026,2024-12-28,1
2026,2024-12-31,1
2026,2025-01-07,1
2026,2025-01-08,1
2026,2025-01-09,1
2026,2025-01-10,1
2026,2025-01-11,3
2026,2025-01-12,1
2026,2025-01-15,5
2026,2025-01-16,1
2026,2025-01-18,3
2026,2025-01-20,2
2026,2025-01-21,2
2026,2025-01-22,4
2026,2025-01-23,1
2026,2025-01-24,1
2026,2025-01-25,1
2026,2025-01-26,3
2026,2025-01-27,6
2026,2025-01-28,4
2026,2025-01-29,1
2026,2025-01-30,2
2026,2025-01-31,3
2026,2025-02-01,4
2026,2025-02-02,8
2026,2025-02-03,5
2026,2025-02-04,3
2026,2025-02-05,3
2026,2025-02-06,3
2026,2025-02-07,2
2026,2025-02-08,1
2026,2025-02-09,1
2026,2025-02-10,1
2026,2025-02-12,2
2026,2025-02-13,4
2026,2025-02-14,2
2026,2025-02-17,1
2026,2025-02-19,2
2026,2025-02-20,2
2026,2025-02-21,6
2026,2025-02-22,2
2026,2025-02-23,2
2026,2025-02-25,2
2026,2025-02-26,3
2026,2025-02-28,2
2026,2025-03-03,1
2026,2025-03-04,2
2026,2025-03-05,3
2026,2025-03-07,6
2026,2025-03-08,4
2026,2025-03-09,4
2026,2025-03-10,8
2026,2025-03-11,2
2026,2025-03-14,3
2026,2025-03-15,1
2026,2025-03-16,2
2026,2025-03-17,3
2026,2025-03-18,2
2026,2025-03-19,1
2026,2025-03-20,1
2026,2025-03-21,2
2026,2025-03-22,7
2026,2025-03-23,4
2026,2025-03-24,4
2026,2025-03-25,9
2026,2025-03-26,4
2026,2025-03-27,5
2026,2025-03-28,1
2026,2025-03-29,10
2026,2025-03-30,2
2026,2025-03-31,4
2026,2025-04-01,4
2026,2025-04-02,2
2026,2025-04-03,8
2026,2025-04-04,2
2026,2025-04-05,9
2026,2025-04-07,3
2026,2025-04-08,12
2026,2025-04-09,3
2026,2025-04-10,6
2026,2025-04-11,7
2026,2025-04-12,5
2026,2025-04-13,9
2026,2025-04-14,9
2026,2025-04-15,5
2026,2025-04-16,5
2026,2025-04-17,4
2026,2025-04-18,5
2026,2025-04-19,5
2026,2025-04-20,6
2026,2025-04-21,8
2026,2025-04-22,4
2026,2025-04-23,4
2026,2025-04-24,8
2026,2025-04-25,8
2026,2025-04-26,8
2026,2025-04-27,4
2026,2025-04-28,7
2026,2025-04-29,5
2026,2025-04-30,4
2026,2025-05-01,7
2026,2025-05-02,7
2026,2025-05-03,5
2026,2025-05-04,5
2026,2025-05-05,5
2026,2025-05-06,3
2026,2025-05-07,7
2026,2025-05-08,3
2026,2025-05-09,5
2026,2025-05-10,3
2026,2025-05-11,5
2026,2025-05-12,6
2026,2025-05-13,7
2026,2025-05-14,8
2026,2025-05-15,5
2026,2025-05-16,4
2026,2025-05-17,4
2026,2025-05-18,1
2026,2025-05-19,6
2026,2025-05-20,5
2026,2025-05-21,11
2026,2025-05-22,6
2026,2025-05-23,13
2026,2025-05-24,6
2026,2025-05-25,1
2026,2025-05-26,2
2026,2025-05-27,3
2026,2025-05-28,4
2026,2025-05-29,3
2026,2025-05-30,1
2026,2025-05-31,10
2026,2025-06-01,24
2026,2025-06-02,21
2026,2025-06-03,19
2026,2025-06-04,7
2026,2025-06-05,17
2026,2025-06-06,5
2026,2025-06-07,26
2026,2025-06-08,46
2026,2025-06-09,52
2026,2025-06-10,31
2026,2025-06-11,17
2026,2025-06-12,20
2026,2025-06-13,27
2026,2025-06-14,37
2026,2025-06-15,55
2026,2025-06-16,39
2026,2025-06-17,31
2026,2025-06-18,36
2026,2025-06-19,24
2026,2025-06-20,34
2026,2025-06-21,56
2026,2025-06-22,68
2026,2025-06-23,74
2026,2025-06-24,51
2026,2025-06-25,41
2026,2025-06-26,29
2026,2025-06-27,26
2026,2025-06-28,16
2026,2025-06-29,10
2026,2025-06-30,19
2026,2025-07-01,31
2026,2025-07-02,13
2026,2025-07-03,12
2026,2025-07-04,41
2026,2025-07-05,18
2026,2025-07-06,12
2026,2025-07-07,13
2026,2025-07-08,7
2026,2025-07-09,8
2026,2025-07-10,13
2026,2025-07-11,10
2026,2025-07-12,20
2026,2025-07-13,4
2026,2025-07-14,8
2026,2025-07-15,5
2026,2025-07-16,6
2026,2025-07-17,8
2026,2025-07-18,7
2026,2025-07-19,6
2026,2025-07-20,4
2026,2025-07-21,5
2026,2025-07-22,3
2026,2025-07-23,4
2026,2025-07-24,6
2026,2025-07-25,8
2026,2025-07-26,4
2026,2025-07-27,4
2026,2025-07-28,4
2026,2025-07-29,2
2026,2025-07-30,3
2026,2025-07-31,4
2026,2025-08-01,5
2026,2025-08-02,7
2026,2025-08-03,6
2026,2025-08-05,2
2026,2025-08-06,2
2026,2025-08-07,2
2026,2025-08-08,1
2026,2025-08-09,3
2026,2025-08-10,3
2026,2025-08-11,4
2026,2025-08-12,5
2026,2025-08-13,2
2026,2025-08-14,1
2026,2025-08-15,2
2026,2025-08-16,2
2026,2025-08-17,1
2026,2025-08-18,3
2026,2025-08-19,1
2026,2025-08-20,2
2026,2025-08-21,1
2026,2025-08-22,2
2026,2025-08-23,1
2026,2025-08-24,1
2026,2025-08-28,1
2026,2025-08-30,2
2026,2025-09-01,1
2026,2025-09-02,2
2026,2025-09-04,1
2026,2025-09-05,1
2026,2025-09-06,1
2026,2025-09-07,5
2026,2025-09-08,5
2026,2025-09-09,2
2026,2025-09-10,3
2026,2025-09-11,2
2026,2025-09-12,1
2026,2025-09-13,2
2026,2025-09-14,3
2026,2025-09-15,1
2026,2025-09-16,5
2026,2025-09-17,1
2026,2025-09-18,1
2026,2025-09-20,2
2026,2025-09-21,3
2026,2025-09-22,2
2026,2025-09-23,4
2026,2025-09-24,5
2026,2025-09-25,1
2026,2025-09-26,1
2026,2025-09-27,1
2026,2025-09-28,5
2026,2025-09-29,2
2026,2025-09-30,4
2026,2025-10-01,1
2026,2025-10-02,1
2026,2025-10-03,7
2026,2025-10-04,1
2026,2025-10-05,2
2026,2025-10-07,4
2026,2025-10-10,3
2026,2025-10-11,2
2026,2025-10-12,6
2026,2025-10-13,7
2026,2025-10-14,6
2026,2025-10-15,4
2026,2025-10-16,6
2026,2025-10-17,3
2026,2025-10-18,3
2026,2025-10-19,4
2026,2025-10-20,5
2026,2025-10-21,4
2026,2025-10-22,4
2026,2025-10-23,4
2026,2025-10-24,9
2026,2025-10-25,3
2026,2025-10-26,3
2026,2025-10-27,8
2026,2025-10-28,5
2026,2025-10-29,5
2026,2025-10-30,3
2026,2025-10-31,5
2026,2025-11-02,2
2026,2025-11-03,5
2026,2025-11-04,5
2026,2025-11-05,5
2026,2025-11-06,12
2026,2025-11-07,6
2026,2025-11-08,1
2026,2025-11-09,9
2026,2025-11-10,5
2026,2025-11-11,4
2026,2025-11-12,7
2026,2025-11-13,6
2026,2025-11-14,3
2026,2025-11-15,5
2026,2025-11-16,5
2026,2025-11-17,9
2026,2025-11-18,13
2026,2025-11-19,9
2026,2025-11-20,9
2026,2025-11-21,1
2026,2025-11-22,7
2026,2025-11-23,13
2026,2025-11-24,14
2026,2025-11-25,18
2026,2025-11-26,11
2026,2025-11-27,5
2026,2025-11-28,11
2026,2025-11-29,11
2026,2025-11-30,14
2026,2025-12-01,32
2026,2025-12-02,52
2026,2025-12-03,231
2026,2025-12-04,14
2026,2025-12-05,31
2026,2025-12-06,2
2026,2025-12-07,1
2026,2025-12-09,2
2026,2025-12-10,1
2026,2025-12-11,1
2026,2025-12-12,3
2026,2025-12-13,2
2026,2025-12-14,5
2026,2025-12-15,4
2026,2025-12-16,2
2026,2025-12-17,2
2026,2025-12-18,3
2026,2025-12-20,1
2026,2025-12-21,3
2026,2025-12-22,2
2026,2025-12-23,3
2026,2025-12-24,1
2026,2025-12-25,1
2026,2025-12-26,6
2026,2025-12-27,4
2026,2025-12-28,6
2026,2025-12-29,2
2026,2025-12-30,3
2026,2025-12-31,1
2026,2026-01-01,3
2026,2026-01-02,1
2026,2026-01-03,3
2026,2026-01-04,7
2026,2026-01-05,2
2026,2026-01-06,5
2026,2026-01-07,7
2026,2026-01-09,4
2026,2026-01-10,7
2026,2026-01-11,2
2026,2026-01-12,3
2026,2026-01-13,1
2026,2026-01-14,2
2026,2026-01-16,8
2026,2026-01-17,3
2026,2026-01-18,11
2026,2026-01-19,9
2026,2026-01-20,9
2026,2026-01-21,6
2026,2026-01-22,6
2026,2026-01-23,5
2026,2026-01-24,10
2026,2026-01-25,6
2026,2026-01-26,7
2026,2026-01-27,5
2026,2026-01-28,4
2026,2026-01-29,1
2026,2026-01-30,4
2026,2026-01-31,8
2026,2026-02-01,15
2026,2026-02-02,21
2026,2026-02-03,12
2026,2026-02-04,115
2026,2026-02-05,9
2026,2026-02-06,7
2026,2026-02-07,1
2026,2026-02-11,1
2026,2026-02-25,1
2026,2026-02-27,1
2026,2026-02-28,1
2026,2026-03-02,1
2026,2026-03-16,1
2026,2026-03-23,1
2026,2026-03-29,1
2026,2026-04-01,2
2026,2026-04-02,1
2026,2026-04-04,1
2026,2026-04-08,1
2026,2026-04-15,2
2026,2026-04-21,1
2026,2026-04-23,1
2026,2026-04-24,1
2026,2026-04-30,2
2026,2026-05-04,1
2026,2026-05-16,1
2026,2026-05-22,1
2026,2026-05-26,1
2026,2026-05-27,2
2026,2026-05-31,1
2026,2026-06-06,1
2026,2026-06-07,2
2026,2026-06-19,1
2026,2026-07-07,2
2026,2026-07-23,1
2026,2026-07-24,1
2027,2024-06-07,1
2027,2024-10-07,1
2027,2024-11-23,1
2027,2024-12-02,1
2027,2025-01-26,1
2027,2025-03-01,1
2027,2025-03-06,1
2027,2025-03-26,1
2027,2025-04-12,1
2027,2025-05-01,1
2027,2025-05-26,1
2027,2025-06-01,1
2027,2025-06-02,1
2027,2025-06-06,1
2027,2025-06-14,1
2027,2025-06-15,1
2027,2025-06-21,1
2027,2025-06-22,1
2027,2025-06-23,1
2027,2025-06-24,1
2027,2025-06-26,1
2027,2025-07-01,1
2027,2025-07-10,1
2027,2025-07-20,1
2027,2025-07-25,1
2027,2025-08-03,1
2027,2025-08-07,1
2027,2025-08-12,1
2027,2025-08-15,1
2027,2025-08-19,1
2027,2025-09-02,1
2027,2025-09-03,1
2027,2025-09-06,1
2027,2025-09-13,1
2027,2025-09-15,1
2027,2025-09-17,1
2027,2025-09-18,1
2027,2025-09-23,1
2027,2025-09-25,3
2027,2025-09-27,2
2027,2025-09-29,2
2027,2025-10-02,1
2027,2025-10-04,1
2027,2025-10-05,1
2027,2025-10-11,2
2027,2025-10-18,2
2027,2025-10-19,2
2027,2025-10-20,1
2027,2025-10-22,3
2027,2025-10-23,2
2027,2025-11-01,2
2027,2025-11-02,3
2027,2025-11-04,1
2027,2025-11-06,1
2027,2025-11-12,1
2027,2025-11-15,2
2027,2025-11-16,1
2027,2025-11-18,3
2027,2025-11-20,1
2027,2025-11-23,1
2027,2025-11-29,3
2027,2025-11-30,1
2027,2025-12-01,1
2027,2025-12-02,2
2027,2025-12-03,1
2027,2025-12-04,2
2027,2025-12-07,1
2027,2025-12-08,1
2027,2025-12-09,2
2027,2025-12-10,1
2027,2025-12-13,1
2027,2025-12-14,1
2027,2025-12-15,2
2027,2025-12-16,2
2027,2025-12-18,1
2027,2025-12-19,1
2027,2025-12-20,2
2027,2025-12-21,2
2027,2025-12-24,1
2027,2025-12-29,1
2027,2026-01-04,1
2027,2026-01-09,1
2027,2026-01-10,5
2027,2026-01-11,1
2027,2026-01-17,1
2027,2026-01-18,3
2027,2026-01-23,5
2027,2026-01-24,2
2027,2026-01-25,2
2027,2026-01-28,2
2027,2026-01-29,1
2027,2026-01-30,2
2027,2026-01-31,5
2027,2026-02-01,3
2027,2026-02-02,3
2027,2026-02-03,3
2027,2026-02-04,3
2027,2026-02-05,3
2027,2026-02-06,2
2027,2026-02-07,5
2027,2026-02-09,1
2027,2026-02-11,4
2027,2026-02-12,5
2027,2026-02-13,2
2027,2026-02-14,3
2027,2026-02-15,1
2027,2026-02-17,2
2027,2026-02-19,2
2027,2026-02-20,2
2027,2026-02-22,1
2027,2026-02-23,1
2027,2026-02-24,1
2027,2026-03-03,3
2027,2026-03-04,2
2027,2026-03-05,3
2027,2026-03-06,1
2027,2026-03-07,9
2027,2026-03-08,2
2027,2026-03-09,2
2027,2026-03-10,1
2027,2026-03-11,3
2027,2026-03-12,2
2027,2026-03-13,4
2027,2026-03-14,1
2027,2026-03-15,1
2027,2026-03-16,1
2027,2026-03-17,4
2027,2026-03-18,3
2027,2026-03-19,5
2027,2026-03-20,1
2027,2026-03-21,6
2027,2026-03-22,1
2027,2026-03-23,1
2027,2026-03-24,1
2027,2026-03-25,3
2027,2026-03-26,5
2027,2026-03-27,5
2027,2026-03-28,8
2027,2026-03-29,4
2027,2026-03-30,6
2027,2026-03-31,6
2027,2026-04-01,3
2027,2026-04-02,3
2027,2026-04-03,11
2027,2026-04-04,9
2027,2026-04-05,2
2027,2026-04-06,5
2027,2026-04-07,8
2027,2026-04-08,6
2027,2026-04-09,4
2027,2026-04-10,7
2027,2026-04-11,12
2027,2026-04-12,6
2027,2026-04-13,8
2027,2026-04-14,8
2027,2026-04-15,4
2027,2026-04-16,6
2027,2026-04-17,11
2027,2026-04-18,8
2027,2026-04-19,7
2027,2026-04-20,6
2027,2026-04-21,8
2027,2026-04-22,7
2027,2026-04-23,5
2027,2026-04-24,8
2027,2026-04-25,9
2027,2026-04-26,8
2027,2026-04-27,12
2027,2026-04-28,6
2027,2026-04-29,5
2027,2026-04-30,10
2027,2026-05-01,20
2027,2026-05-02,11
2027,2026-05-03,5
2027,2026-05-04,6
2027,2026-05-05,4
2027,2026-05-06,8
2027,2026-05-07,5
2027,2026-05-08,10
2027,2026-05-09,7
2027,2026-05-10,6
2027,2026-05-11,4
2027,2026-05-12,7
2027,2026-05-13,9
2027,2026-05-14,10
2027,2026-05-15,13
2027,2026-05-16,9
2027,2026-05-17,8
2027,2026-05-18,9
2027,2026-05-19,11
2027,2026-05-20,8
2027,2026-05-21,10
2027,2026-05-22,16
2027,2026-05-23,13
2027,2026-05-24,3
2027,2026-05-25,11
2027,2026-05-26,4
2027,2026-05-27,3
2027,2026-05-28,8
2027,2026-05-29,11
2027,2026-05-30,26
2027,2026-05-31,55
2027,2026-06-01,32
2027,2026-06-02,37
2027,2026-06-03,16
2027,2026-06-04,17
2027,2026-06-05,23
2027,2026-06-06,36
2027,2026-06-07,78
2027,2026-06-08,66
2027,2026-06-09,47
2027,2026-06-10,34
2027,2026-06-11,22
2027,2026-06-12,25
2027,2026-06-13,36
2027,2026-06-14,75
2027,2026-06-15,55
2027,2026-06-16,53
2027,2026-06-17,39
2027,2026-06-18,36
2027,2026-06-19,28
2027,2026-06-20,39
2027,2026-06-21,52
2027,2026-06-22,54
2027,2026-06-23,32
2027,2026-06-24,25
2027,2026-06-25,23
2027,2026-06-26,22
2027,2026-06-27,13
2027,2026-06-28,8
2027,2026-06-29,12
2027,2026-06-30,8
2027,2026-07-01,20
2027,2026-07-02,8
2027,2026-07-03,11
2027,2026-07-04,11
2027,2026-07-05,3
2027,2026-07-06,7
2027,2026-07-07,9
2027,2026-07-08,2
2027,2026-07-09,2
2027,2026-07-10,2
2027,2026-07-11,10
2027,2026-07-13,2
2027,2026-07-14,3
2027,2026-07-15,3
2027,2026-07-17,6
2027,2026-07-18,6
2027,2026-07-19,1
2027,2026-07-20,2
2027,2026-07-22,1
2027,2026-07-23,1
2027,2026-07-24,3
2027,2026-07-25,1
2027,2026-07-27,1
2027,2026-07-29,3
2027,2026-07-31,5
2027,2026-08-01,1
2027,2026-08-04,2
2027,2026-08-05,1
2027,2026-08-06,1
2027,2026-08-07,1
2027,2026-08-09,2
2027,2026-08-10,1
2027,2026-08-14,3
2027,2026-08-16,1
2027,2026-08-17,1
2027,2026-08-18,1
2027,2026-08-20,1
2027,2026-08-22,2
2027,2026-08-26,2
2027,2026-08-28,2
2027,2026-09-07,2
2027,2026-09-11,1
2027,2026-09-13,2
2027,2026-09-14,1
2027,2026-09-15,1
2027,2026-09-17,2
2027,2026-09-18,1
2027,2026-09-19,1
2027,2026-09-20,2
2027,2026-09-21,1
2027,2026-09-25,1
2027,2026-09-26,1
2027,2026-09-27,1
2028,2025-06-13,1
2028,2025-10-16,1
2028,2025-10-18,1
2028,2025-10-24,1
2028,2025-11-16,1
2028,2026-01-31,1
2028,2026-04-09,2
2028,2026-05-01,1
2028,2026-06-01,1
2028,2026-06-02,2
2028,2026-06-10,1
2028,2026-06-11,1
2028,2026-06-15,1
2028,2026-06-17,2
2028,2026-06-18,1
2028,2026-06-19,2
2028,2026-06-20,2
2028,2026-06-21,2
2028,2026-06-22,3
2028,2026-06-23,1
2028,2026-06-24,1
2028,2026-06-25,1
2028,2026-06-28,1
2028,2026-06-29,1
2028,2026-06-30,1
2028,2026-07-01,1
2028,2026-07-02,1
2028,2026-07-03,1
2028,2026-07-08,1
2028,2026-07-09,1
2028,2026-07-10,1
2028,2026-07-13,1
2028,2026-07-14,1
2028,2026-07-15,1
2028,2026-07-23,1
2028,2026-07-26,1
2028,2026-07-27,1
2028,2026-07-28,1
2028,2026-07-30,1
2028,2026-07-31,1
2028,2026-08-08,2
2028,2026-08-11,1
2028,2026-08-15,2
2028,2026-08-17,1
2028,2026-08-25,1
2028,2026-09-08,1
2028,2026-09-12,1
2028,2026-09-15,1
2028,2026-09-16,1
2028,2026-09-20,1
2028,2026-09-21,1
2028,2026-09-22,2
2028,2026-09-23,1
2028,2026-09-26,2
2028,2026-09-27,2
2028,2026-09-28,1
